timestamp,sample_mode,elapsed_seconds,V3,V6,V9,V10,V11,V12,V15,V18,ions_flown,ions_reported,ions_detected,ions_detected_geometric,transmission,transmission_geometric,transmission_percent,centroid_y_mm,centroid_z_mm,sigma_y_mm,sigma_z_mm,spread_yz_mm,bpm_real_launched,bpm_real_crossings,bpm_real_center,bpm_real_left,bpm_real_right,bpm_real_down,bpm_real_up,bpm_real_score,bpm_real_mean_x_mm,bpm_real_mean_y_mm,bpm_real_sigma_x_mm,bpm_real_sigma_y_mm,bpm_real_z_mm,detector_valid_crossings,detector_valid_in_window,detector_valid_valid,detector_valid_wrong_side,detector_valid_bad_angle,detector_valid_outside_window,detector_valid_theta_mean_deg,detector_valid_theta_sigma_deg,detector_valid_theta_max_deg,detector_valid_mean_x_mm,detector_valid_mean_y_mm,detector_valid_sigma_x_mm,detector_valid_sigma_y_mm,detector_valid_front_z_mm,detector_valid_theta_limit_deg,detector_face_x_min,detector_face_x_max,detector_face_y_min,detector_face_y_max,detector_face_z_min,detector_face_z_max,terminal_angle_count,terminal_angle_forward_z,terminal_angle_backward_z,terminal_angle_theta_mean_deg,terminal_angle_theta_sigma_deg,terminal_angle_theta_p50_deg,terminal_angle_theta_p90_deg,terminal_angle_theta_p95_deg,terminal_angle_theta_p99_deg,terminal_angle_theta_max_deg,detector_contact_angle_count,detector_contact_angle_forward,detector_contact_angle_backward,detector_contact_angle_theta_mean_deg,detector_contact_angle_theta_sigma_deg,detector_contact_angle_theta_p50_deg,detector_contact_angle_theta_p90_deg,detector_contact_angle_theta_p95_deg,detector_contact_angle_theta_p99_deg,detector_contact_angle_theta_max_deg,detector_active_contact_count,detector_active_contact_fraction,detector_active_contact_percent,detector_active_forward_fraction,ions_lost,loss_unknown,loss_mean_x,loss_mean_y,loss_mean_z,loss_detector_distance_mean_mm,loss_detector_proximity_mean,loss_E1,loss_E2,loss_E3,loss_E4,loss_E5,loss_E6,loss_E7,loss_E8,loss_E9,loss_E10,loss_E11,loss_E12,loss_E13,loss_E14,loss_E15,loss_E16,loss_E17,loss_E18,loss_E19,loss_group_bender,loss_group_detector,loss_group_einzel_1,loss_group_einzel_2,loss_group_ground_pipe,loss_group_ground_plates,loss_group_source,loss_group_steering,detector_contact_count,detector_contact_fraction,detector_contact_percent,loss_E2_mean_x,loss_E2_mean_y,loss_E2_mean_z,loss_E2_min_x,loss_E2_max_x,loss_E2_min_y,loss_E2_max_y,loss_E2_min_z,loss_E2_max_z,loss_E2_sigma_x,loss_E2_sigma_y,loss_E2_sigma_z,loss_E2_detector_distance_mean_mm,loss_E6_mean_x,loss_E6_mean_y,loss_E6_mean_z,loss_E6_min_x,loss_E6_max_x,loss_E6_min_y,loss_E6_max_y,loss_E6_min_z,loss_E6_max_z,loss_E6_sigma_x,loss_E6_sigma_y,loss_E6_sigma_z,loss_E6_detector_distance_mean_mm,loss_E7_mean_x,loss_E7_mean_y,loss_E7_mean_z,loss_E7_min_x,loss_E7_max_x,loss_E7_min_y,loss_E7_max_y,loss_E7_min_z,loss_E7_max_z,loss_E7_sigma_x,loss_E7_sigma_y,loss_E7_sigma_z,loss_E7_detector_distance_mean_mm,loss_E8_mean_x,loss_E8_mean_y,loss_E8_mean_z,loss_E8_min_x,loss_E8_max_x,loss_E8_min_y,loss_E8_max_y,loss_E8_min_z,loss_E8_max_z,loss_E8_sigma_x,loss_E8_sigma_y,loss_E8_sigma_z,loss_E8_detector_distance_mean_mm,loss_E12_mean_x,loss_E12_mean_y,loss_E12_mean_z,loss_E12_min_x,loss_E12_max_x,loss_E12_min_y,loss_E12_max_y,loss_E12_min_z,loss_E12_max_z,loss_E12_sigma_x,loss_E12_sigma_y,loss_E12_sigma_z,loss_E12_detector_distance_mean_mm,loss_E13_mean_x,loss_E13_mean_y,loss_E13_mean_z,loss_E13_min_x,loss_E13_max_x,loss_E13_min_y,loss_E13_max_y,loss_E13_min_z,loss_E13_max_z,loss_E13_sigma_x,loss_E13_sigma_y,loss_E13_sigma_z,loss_E13_detector_distance_mean_mm,loss_E14_mean_x,loss_E14_mean_y,loss_E14_mean_z,loss_E14_min_x,loss_E14_max_x,loss_E14_min_y,loss_E14_max_y,loss_E14_min_z,loss_E14_max_z,loss_E14_sigma_x,loss_E14_sigma_y,loss_E14_sigma_z,loss_E14_detector_distance_mean_mm,loss_E16_mean_x,loss_E16_mean_y,loss_E16_mean_z,loss_E16_min_x,loss_E16_max_x,loss_E16_min_y,loss_E16_max_y,loss_E16_min_z,loss_E16_max_z,loss_E16_sigma_x,loss_E16_sigma_y,loss_E16_sigma_z,loss_E16_detector_distance_mean_mm,loss_E17_mean_x,loss_E17_mean_y,loss_E17_mean_z,loss_E17_min_x,loss_E17_max_x,loss_E17_min_y,loss_E17_max_y,loss_E17_min_z,loss_E17_max_z,loss_E17_sigma_x,loss_E17_sigma_y,loss_E17_sigma_z,loss_E17_detector_distance_mean_mm,loss_E19_mean_x,loss_E19_mean_y,loss_E19_mean_z,loss_E19_min_x,loss_E19_max_x,loss_E19_min_y,loss_E19_max_y,loss_E19_min_z,loss_E19_max_z,loss_E19_sigma_x,loss_E19_sigma_y,loss_E19_sigma_z,loss_E19_detector_distance_mean_mm,loss_E19_active_window_distance_mean_mm,loss_E19_active_window_distance_min_mm,loss_E19_active_window_distance_max_mm,loss_E19_active_window_proximity_mean,loss_E19_miss_x_low,loss_E19_miss_x_high,loss_E19_miss_y_low,loss_E19_miss_y_high,loss_E19_miss_z_low,loss_E19_miss_z_high,loss_E18_mean_x,loss_E18_mean_y,loss_E18_mean_z,loss_E18_min_x,loss_E18_max_x,loss_E18_min_y,loss_E18_max_y,loss_E18_min_z,loss_E18_max_z,loss_E18_sigma_x,loss_E18_sigma_y,loss_E18_sigma_z,loss_E18_detector_distance_mean_mm,loss_E11_mean_x,loss_E11_mean_y,loss_E11_mean_z,loss_E11_min_x,loss_E11_max_x,loss_E11_min_y,loss_E11_max_y,loss_E11_min_z,loss_E11_max_z,loss_E11_sigma_x,loss_E11_sigma_y,loss_E11_sigma_z,loss_E11_detector_distance_mean_mm,loss_E4_mean_x,loss_E4_mean_y,loss_E4_mean_z,loss_E4_min_x,loss_E4_max_x,loss_E4_min_y,loss_E4_max_y,loss_E4_min_z,loss_E4_max_z,loss_E4_sigma_x,loss_E4_sigma_y,loss_E4_sigma_z,loss_E4_detector_distance_mean_mm,loss_E15_mean_x,loss_E15_mean_y,loss_E15_mean_z,loss_E15_min_x,loss_E15_max_x,loss_E15_min_y,loss_E15_max_y,loss_E15_min_z,loss_E15_max_z,loss_E15_sigma_x,loss_E15_sigma_y,loss_E15_sigma_z,loss_E15_detector_distance_mean_mm,loss_E5_mean_x,loss_E5_mean_y,loss_E5_mean_z,loss_E5_min_x,loss_E5_max_x,loss_E5_min_y,loss_E5_max_y,loss_E5_min_z,loss_E5_max_z,loss_E5_sigma_x,loss_E5_sigma_y,loss_E5_sigma_z,loss_E5_detector_distance_mean_mm,loss_E3_mean_x,loss_E3_mean_y,loss_E3_mean_z,loss_E3_min_x,loss_E3_max_x,loss_E3_min_y,loss_E3_max_y,loss_E3_min_z,loss_E3_max_z,loss_E3_sigma_x,loss_E3_sigma_y,loss_E3_sigma_z,loss_E3_detector_distance_mean_mm,loss_E10_mean_x,loss_E10_mean_y,loss_E10_mean_z,loss_E10_min_x,loss_E10_max_x,loss_E10_min_y,loss_E10_max_y,loss_E10_min_z,loss_E10_max_z,loss_E10_sigma_x,loss_E10_sigma_y,loss_E10_sigma_z,loss_E10_detector_distance_mean_mm,loss_E9_mean_x,loss_E9_mean_y,loss_E9_mean_z,loss_E9_min_x,loss_E9_max_x,loss_E9_min_y,loss_E9_max_y,loss_E9_min_z,loss_E9_max_z,loss_E9_sigma_x,loss_E9_sigma_y,loss_E9_sigma_z,loss_E9_detector_distance_mean_mm,active_score,validation_rank,validation_case,detector_contact_speed_speed_mean,detector_contact_speed_vz_mean,detector_contact_speed_vz_sigma,detector_contact_speed_count,detector_contact_speed_speed_sigma,detector_contact_speed_speed_rel_sigma,detector_contact_speed_speed_min,detector_contact_speed_speed_max,detector_contact_speed_vperp_mean,detector_contact_speed_vperp_sigma,detector_contact_speed_vperp_rel_sigma,detector_contact_speed_vperp_min,detector_contact_speed_vperp_max,detector_contact_speed_vz_rel_sigma,detector_contact_speed_vz_min,detector_contact_speed_vz_max,backfill_source_active,backfill_source_theta_sigma
2026-06-30T03:09:58,active_select,8.29700000000048,108.48785101627163,-1000.0,1000.0,172.7498293750463,311.1547311143256,-538.3357477365794,-1000.0,-781.9592856547669,500,500,4,4,0.008,0.008,0.8,76.75,404.75,3.304037933599835,2.0615528128088303,5.365590746408666,500,8,0,5,0,1,3,0.0078,69.1904158,78.4387872,1.17047356,5.71175784,402,8,3,3,0,0,5,14.1095628,2.11735436,16.1883741,69.3740145,78.3872828,1.17504558,5.59805218,403,180,2,0,0,1,1,0,500,362,138,82.3847748,65.5860028,84.9455586,180,180,180,180,4,4,0,17.5950445,7.4641855,20.8287352,28.2529525,28.2529525,28.2529525,28.2529525,4,0.008,0.8,1.0,496,0,114.88911290322581,77.39112903225806,95.0383064516129,315.05911237970264,0.2418506207710152,0,4,0,29,0,0,0,0,0,0,0,121,0,221,0,53,68,0,0,121,0,29,0,4,342,0,0,4,0.008,0.8,129.75,49.5,453.5,127.0,132.0,21.0,127.0,445.0,465.0,2.217355782608345,51.707510737480554,8.386497083606082,89.38808833821197,,,,,,,,,,,,,,,,,,,,,,,,,,,,,,,,,,,,,,,,88.81818181818181,76.73553719008264,93.49586776859505,82.0,96.0,64.0,92.0,86.0,111.0,4.43471156521669,8.430864521745207,6.8485083131805045,311.90968860548855,,,,,,,,,,,,,,134.0,77.43438914027149,76.57466063348416,134.0,134.0,66.0,89.0,62.0,90.0,0.0,5.89541371920655,9.521272379530792,333.56651492695306,81.9245283018868,78.0,114.20754716981132,81.0,83.0,63.0,91.0,114.0,117.0,0.7557232044099211,9.374679481700449,0.6609576550511251,291.00872625680506,82.8970588235294,76.8529411764706,132.11764705882354,82.0,85.0,64.0,91.0,132.0,133.0,0.9946079386934472,7.423771230316182,0.32458523544031886,273.0720346394093,,,,,,,,,,,,,,,,,,,,,,,,,,,,,,,,,,,,,,,,,,,,,,,,,,211.24137931034483,83.79310344827586,70.75862068965517,205.0,220.0,72.0,88.0,65.0,84.0,4.256551021776342,4.2542357912423805,5.533373889498632,360.6942903368423,,,,,,,,,,,,,,,,,,,,,,,,,,,,,,,,,,,,,,,,,,,,,,,,,,,,,,,,,,,,,,,,,,1.5494079033613404,,,130.771935,123.617115,5.80713928,4,0.338384505,0.00258759271,130.235866,131.090438,39.1412819,15.95179,0.407543883,21.7891864,61.6491084,0.0469768226,114.720391,129.207249,,
2026-06-30T05:42:56,velocity_backfill_t00_10,20.329000000001543,635.3070467902585,-636.4742305528564,622.511513173069,-378.249886228377,777.5491071418903,406.7980562963121,282.6714401639056,198.99377147148766,500,500,0,0,0.0,0.0,0.0,,,,,,500,0,0,0,0,0,0,0,0,0,0,0,402,0,0,0,0,0,0,0,0,0,0,0,0,0,403,180,0,0,0,0,0,0,500,246,254,126.483384,55.820068,180,180,180,180,180,0,0,0,0,0,0,0,0,0,0,0,0.0,0.0,0.0,500,0,310.588,79.008,73.698,412.3193591197667,0.15761809495356846,0,326,0,0,174,0,0,0,0,0,0,0,0,0,0,0,0,0,0,0,0,174,0,326,0,0,0,0,0.0,0.0,320.8036809815951,80.07361963190183,71.9478527607362,195.0,410.0,1.0,151.0,1.0,151.0,77.40978740707588,54.356720145827396,51.41212408632311,422.8261616803305,,,,,,,,,,,,,,,,,,,,,,,,,,,,,,,,,,,,,,,,,,,,,,,,,,,,,,,,,,,,,,,,,,,,,,,,,,,,,,,,,,,,,,,,,,,,,,,,,,,,,,,,,,,,,,,,,,,,,,,,,,,,,,,,,,,,,,,,,,,,,,,,,,,,,,,,,,,,,,,,,,,,,,,,,,,,,,,,,,,,291.44827586206895,77.01149425287356,76.97701149425288,281.0,306.0,64.0,89.0,64.0,89.0,8.26967245780015,9.032368579025416,7.608904141272972,392.6342002994002,,,,,,,,,,,,,,,,,,,,,,,,,,,,,,,,,,,,,,,,,,,0,0,0,0,0,0,0,0,0,0,0,0,0,0,0,0,0.0,0.0
2026-06-30T02:31:16,active_select,11.218999999999141,-794.6093475159996,-923.3973034274871,959.5343122756425,-217.53937598300988,-157.36213629034802,-823.0767738508363,259.22167781291347,6.452287002720269,500,500,12,12,0.024,0.024,2.4,75.0,403.0,0.0,0.0,0.0,500,12,4,0,12,5,0,0.0184,81.3451731,75.0520999,0.0962958439,0.215378329,402,12,12,12,0,0,0,5.72994743,0.139307077,5.94848273,81.248813,75.0817446,0.093730225,0.21155755,403,180,0,0,0,0,0,0,500,500,0,24.2912991,8.16467922,24.6836823,35.2882676,36.2523318,38.579082,38.9557613,12,12,0,5.72994743,0.139307077,5.74955038,5.86765038,5.86765038,5.94848273,5.94848273,12,0.024,2.4,1.0,488,0,69.52459016393442,77.60450819672131,106.64549180327869,298.43110438444637,0.2576382856077619,0,0,0,0,0,0,0,0,0,0,369,0,0,0,0,117,2,0,0,369,0,0,0,0,119,0,0,12,0.024,2.4,,,,,,,,,,,,,,,,,,,,,,,,,,,,,,,,,,,,,,,,,,,,,,,,,,,,,,,,,,,,,,,,,,,,,,,,,,,,,,,,,,,,,,,,,,,,70.27350427350427,77.53846153846153,114.41025641025641,69.0,71.0,77.0,78.0,114.0,119.0,0.7726346732729826,0.5006626908143593,1.0013253816287186,290.6516602993268,70.0,77.0,133.0,70.0,70.0,77.0,77.0,132.0,134.0,0.0,0.0,1.4142135623730951,272.0680071229708,,,,,,,,,,,,,,,,,,,,,,,,,,,,,,,,,,,,,69.28455284552845,77.62872628726288,104.04065040650407,67.0,70.0,76.0,79.0,99.0,111.0,0.7574304947655912,0.834278361290094,2.9664749263840613,301.0406468030966,,,,,,,,,,,,,,,,,,,,,,,,,,,,,,,,,,,,,,,,,,,,,,,,,,,,,,,,,,,,,,,,,,,,,,,,,,,,,,,1.5393572433335196,,,130.625665,129.972612,0.0433495844,12,0.0328498452,0.000251480789,130.581529,130.68095,13.041613,0.316346194,0.0242566771,12.4744913,13.5403588,0.00033352861,129.925736,130.080513,,
2026-06-30T03:41:58,active_select,8.092999999997119,-119.16785358221352,-724.1709161671495,384.46655915072824,-110.91924940416547,-208.51847407436972,-914.4430114285116,656.619484537372,-672.7729617755642,500,500,9,9,0.018,0.018,1.8,76.77777777777777,404.55555555555554,3.3829638550307397,1.8782379449307742,5.261201799961514,500,15,5,1,8,5,6,0.0178,77.9970586,77.0424889,3.43903091,10.7886492,402,15,6,6,0,0,9,11.155988,5.039989,17.1178066,77.9845657,77.0441011,3.30981777,10.6669354,403,180,0,2,0,0,1,0,500,289,211,113.502687,60.2240397,86.477244,180,180,180,180,8,8,0,12.8827463,10.7239692,7.43727515,26.5846949,28.5015354,28.5015354,28.5015354,8,0.016,1.6,1.0,491,0,137.1242362525458,78.25458248472505,88.4765784114053,327.91218497010703,0.2316398861749332,0,21,3,48,2,0,9,9,0,2,38,24,20,307,0,8,0,0,0,64,0,53,18,21,335,0,0,9,0.018,1.8,256.6666666666667,83.57142857142857,184.23809523809524,62.0,418.0,3.0,150.0,2.0,483.0,137.61770719399934,43.68245806793779,196.21720229426998,333.77166740748976,,,,,,,,,,,,,,67.55555555555556,74.33333333333333,179.44444444444446,65.0,72.0,65.0,87.0,174.0,197.0,2.4037008503093262,7.416198487095663,8.368260140422128,225.83952798656892,77.55555555555556,73.11111111111111,265.77777777777777,65.0,85.0,67.0,87.0,255.0,275.0,9.248122932670055,7.959969290839703,6.9602043392737,139.7363148140991,98.95833333333333,77.95833333333333,85.125,91.0,109.0,61.0,92.0,82.0,89.0,5.254225352796643,9.27586473956292,2.3277625009587135,320.87091973158067,117.6,75.95,74.9,114.0,119.0,62.0,90.0,70.0,82.0,1.500876936643164,8.255620095298399,5.230477486505616,332.81260105042315,133.60912052117263,77.46254071661238,75.96091205211727,132.0,134.0,62.0,92.0,61.0,90.0,0.7735295190228538,6.918838359335893,9.607243139114882,334.1241875738662,70.25,78.0,114.125,69.0,71.0,66.0,90.0,114.0,115.0,0.7071067811865476,9.227288721117224,0.3535533905932738,291.06749373164706,,,,,,,,,,,,,,,,,,,,,,,,,,,,,,,,,,,,,,,,,,,,,,,,,,67.60526315789474,79.6842105263158,99.78947368421052,64.0,70.0,62.0,92.0,92.0,111.0,2.0604312548355677,9.082520376355522,5.121010746606213,305.4859952742019,213.0625,83.3125,73.125,204.0,230.0,65.0,88.0,65.0,87.0,6.830489375321726,5.604543179896034,6.541601729812765,359.23249001332016,,,,,,,,,,,,,,285.0,75.5,75.0,281.0,289.0,69.0,82.0,65.0,85.0,5.656854249492381,9.192388155425117,14.142135623730951,390.76827550703456,246.66666666666666,71.0,66.66666666666667,245.0,248.0,68.0,73.0,66.0,68.0,1.5275252316519468,2.6457513110645907,1.1547005383792517,378.9826804438917,109.5,77.5,70.0,109.0,110.0,69.0,86.0,70.0,70.0,0.7071067811865476,12.020815280171307,0.0,336.7818282789823,,,,,,,,,,,,,,1.5835945165016891,,,130.514987,125.030491,6.59964787,8,0.336838882,0.00258084446,129.636184,130.729455,28.5028405,23.3598881,0.819563515,3.78060237,62.3817833,0.0527843073,114.88561,130.597038,,
2026-06-30T07:00:26,velocity_backfill_t40_80,5.421999999998661,-837.9155205360153,-1000.0,672.0239465777031,17.58732823353219,-258.62266094297564,-982.9454047694452,-227.6673974762732,-800.02787801933,500,500,215,215,0.43,0.43,43.0,75.14883720930233,403.2046511627907,1.1340878200808466,0.739396536073204,1.8734843561540506,500,226,154,84,158,154,15,0.4016,78.6090298,75.0936894,3.65558571,1.20075481,402,222,199,199,0,0,23,7.80597873,3.255996,15.8934761,78.5421939,75.1012107,3.50883879,1.17169299,403,180,0,4,0,0,5,0,500,500,0,10.518188,7.71180958,9.18230824,14.9517926,27.9372826,32.9417699,62.7807693,199,199,0,7.39918254,3.32029923,6.75973727,11.1177777,11.6924675,19.5244807,22.5185005,199,0.398,39.8,1.0,285,0,63.15438596491228,78.19649122807017,203.00350877192983,206.34183329525882,0.4046828381436222,0,16,0,0,0,10,211,25,0,0,0,16,0,0,0,0,0,0,7,16,7,0,246,16,0,0,0,222,0.444,44.4,3.875,87.5625,385.5625,1.0,28.0,65.0,133.0,355.0,468.0,6.5,14.527990225767637,46.03762048585917,89.01838675759316,65.0,78.0,219.7,65.0,65.0,74.0,80.0,212.0,230.0,0.0,2.211083193570267,7.645623294117724,185.64911245141306,65.01895734597156,77.73459715639811,184.22748815165878,64.0,66.0,74.0,81.0,174.0,198.0,0.4249603377353711,1.7796969254533384,8.02943411654905,221.0599741259722,64.48,77.36,250.64,64.0,68.0,72.0,84.0,250.0,266.0,0.918331820930394,3.0397368307141326,3.2,154.82648075671125,86.0,77.3125,95.0,86.0,86.0,77.0,78.0,95.0,95.0,0.0,0.47871355387816905,0.0,310.16437173694726,,,,,,,,,,,,,,,,,,,,,,,,,,,,,,,,,,,,,,,,,,,,,,,,,,,,,82.85714285714286,76.0,404.57142857142856,82.0,83.0,76.0,76.0,403.0,408.0,0.3779644730092272,0.0,1.9023794624226835,7.098667032010268,1.0,1.0,1.0,0.9200444146293233,0,6,0,0,0,1,,,,,,,,,,,,,,,,,,,,,,,,,,,,,,,,,,,,,,,,,,,,,,,,,,,,,,,,,,,,,,,,,,,,,,,,,,,,,,,,,,,,,,,,,,,,,,,,,,,,,,,,,,,,130.69295,129.388118,1.31458714,199,0.20025018,0.00153221869,129.346254,131.146142,16.7994679,7.44659188,0.443263555,2.98507816,49.6251311,0.0101600298,119.696333,130.590637,0.442,3.39653933
2026-06-28T19:53:16,local_gaussian,7.140999999988708,-922.4830299391712,-715.7095755869182,653.4585161690125,-124.28751047907681,-352.6238497028263,-1000.0,-158.2921125954511,231.13608144384764,500,500,89,89,0.178,0.178,17.8,76.07865168539325,403.0,0.6256763449754992,0.0,0.6256763449754992,500,89,89,25,89,89,66,0.178,77.2734044,75.9602723,0.471708478,0.520246165,402,89,89,89,0,0,0,1.45899366,0.552753528,2.25008617,77.2844976,75.9584029,0.458612891,0.499587123,403,180,0,0,0,0,0,0,500,500,0,18.7007005,11.4156733,15.9238872,34.6833582,35.286476,35.7916296,35.9750684,89,89,0,1.45899366,0.552753528,1.61547727,2.06659432,2.16973153,2.23315546,2.25008617,89,0.178,17.8,1.0,411,0,70.2214111922141,77.59610705596107,117.12165450121654,287.94488424273754,0.27033006300505935,0,0,0,0,0,0,0,1,0,0,0,0,0,0,0,334,0,76,0,0,0,0,1,0,334,0,76,89,0.178,17.8,,,,,,,,,,,,,,,,,,,,,,,,,,,,,,,,,,,,,,,,65.0,83.0,250.0,65.0,65.0,83.0,83.0,250.0,250.0,,,,155.54742042219794,,,,,,,,,,,,,,,,,,,,,,,,,,,,,,,,,,,,,,,,70.29041916167665,77.60179640718563,114.88922155688623,68.0,71.0,75.0,80.0,114.0,119.0,0.8917865816771158,1.0711041174869806,1.4424924184173595,290.17467557243936,,,,,,,,,,,,,,,,,,,,,,,,,,,,,,,,,,,,,69.98684210526316,77.5,125.1842105263158,69.0,70.0,75.0,80.0,125.0,127.0,0.11470786693528089,1.3416407864998738,0.4230217115244236,279.8876100282658,,,,,,,,,,,,,,,,,,,,,,,,,,,,,,,,,,,,,,,,,,,,,,,,,,,,,,,,,,,,,,,,,,,,,,,,,,,,,,,,,,,,,,,,,,,,,,,,,,,,,,,,,,,,,,,,
2026-06-30T04:55:27,velocity_backfill_t10_40,5.125,-1000.0,-454.3329021055764,803.7387632383032,249.01450688321202,153.97262851914132,-236.35115445423037,298.2565179966841,197.74717588314996,500,500,188,188,0.376,0.376,37.6,76.23936170212765,404.4308510638298,2.5376614812865887,1.4590691190882417,3.99673060037483,500,305,38,252,0,52,33,0.3568,62.4355127,78.3951169,15.8658403,10.2489766,402,305,102,102,0,0,203,14.6865974,5.66662436,20.9731466,62.6264087,78.4032449,15.9862699,10.2369362,403,180,53,0,0,1,29,0,500,500,0,18.7962152,20.9430563,10.2082186,63.5643798,76.0669857,77.460636,80.9890896,126,126,0,15.8299941,7.06836953,13.0408002,28.3006432,29.3598206,32.9364234,33.1259379,126,0.252,25.2,1.0,312,0,74.375,80.15064102564102,320.1025641025641,132.777834342863,0.5617721695292187,0,102,0,0,0,39,30,126,0,0,0,0,0,0,0,0,0,0,15,0,15,0,195,102,0,0,0,203,0.406,40.6,89.08823529411765,85.51960784313725,461.078431372549,7.0,151.0,13.0,114.0,431.0,483.0,60.24095231210112,18.67212164102847,22.21750548532155,88.18668356850596,66.46153846153847,77.66666666666667,227.10256410256412,65.0,70.0,68.0,87.0,212.0,237.0,1.6834512458535864,5.89081950037216,8.720196979290366,178.26365961484572,69.73333333333333,82.93333333333334,189.03333333333333,66.0,73.0,67.0,87.0,174.0,199.0,1.9106477207072157,6.715567777538444,7.448597800620081,216.2778379941481,66.5,76.47619047619048,255.5079365079365,64.0,71.0,66.0,87.0,250.0,276.0,1.695877354056006,6.37082636487831,7.426165666609957,149.93875266680396,,,,,,,,,,,,,,,,,,,,,,,,,,,,,,,,,,,,,,,,,,,,,,,,,,,,,,,,,,,,,,,,,,70.33333333333333,75.4,408.0,70.0,71.0,74.0,79.0,408.0,408.0,0.4879500364742666,1.3522468075656264,0.0,6.582792677661799,1.0,1.0,1.0,0.9200444146293233,0,0,0,0,0,15,,,,,,,,,,,,,,,,,,,,,,,,,,,,,,,,,,,,,,,,,,,,,,,,,,,,,,,,,,,,,,,,,,,,,,,,,,,,,,,,,,,,,,,,,,,,,,,,,,,,,,,,,,,,130.61588,124.721994,5.35918724,126,0.264731796,0.00202679641,129.235694,131.051477,35.3168904,15.1327,0.428483364,13.9183038,71.2311959,0.042969063,109.160381,129.880191,0.212,7.11144808
2026-06-30T05:51:03,velocity_backfill_t10_40,4.34400000000096,233.6741286657763,-957.228207982445,735.5145920574672,-78.9622908717881,151.1730074422235,-908.5084938924517,-75.81760067445965,-1000.0,500,500,125,125,0.25,0.25,25.0,76.512,404.344,3.520941956077168,1.6563854935448472,5.177327449622015,500,195,49,132,1,84,68,0.2709,71.1831849,74.8462839,1.73700758,5.93147264,402,194,90,90,0,0,104,13.0491333,5.04757571,20.0957708,71.2543384,74.8656708,1.44632701,5.7980733,403,180,29,0,21,7,25,0,500,411,89,62.6908629,61.4603149,32.1547279,180,180,180,180,118,118,0,14.8820075,9.95976154,10.2348407,28.388371,29.6136902,31.8014793,31.8031612,118,0.236,23.6,1.0,375,0,107.75466666666667,82.86933333333333,174.528,254.49408082855322,0.3508545274801648,0,65,0,0,0,2,52,8,0,0,0,0,70,86,0,67,18,0,7,0,7,0,62,65,241,0,0,132,0.264,26.4,118.0923076923077,109.67692307692307,445.67692307692306,95.0,151.0,7.0,148.0,356.0,469.0,11.741650060951661,51.27898804953755,15.590569758178031,86.68142411472076,87.5,78.0,214.5,87.0,88.0,75.0,81.0,212.0,217.0,0.7071067811865476,4.242640687119285,3.5355339059327378,190.8815902528429,86.9423076923077,77.61538461538461,181.8846153846154,85.0,89.0,71.0,83.0,174.0,199.0,0.9163752450517145,4.293880032269577,8.113541926573651,223.4317893578339,88.25,78.375,255.25,88.0,89.0,73.0,82.0,250.0,269.0,0.4629100498862757,2.7222627143085005,8.362330502232702,150.2931874997959,,,,,,,,,,,,,,119.0,77.84285714285714,74.18571428571428,119.0,119.0,71.0,84.0,70.0,82.0,0.0,3.598049851366606,5.192784450751531,333.6219759124029,134.0,76.46511627906976,75.23255813953489,134.0,134.0,68.0,80.0,67.0,85.0,0.0,2.04477914480415,7.125223494706759,334.837873418844,81.94029850746269,77.6268656716418,114.2089552238806,81.0,83.0,72.0,84.0,114.0,116.0,0.868307252820549,4.006947832980603,0.565077453335162,290.8847118584656,82.16666666666667,75.27777777777777,132.16666666666666,82.0,83.0,72.0,81.0,132.0,134.0,0.3834824944236852,2.6965240273480524,0.5144957554275266,272.91680435324184,72.42857142857143,78.14285714285714,408.0,71.0,73.0,71.0,82.0,408.0,408.0,0.7867957924694432,4.634241089562614,0.0,6.7217736249794084,1.0,1.0,1.0,0.9200444146293233,0,0,0,0,0,7,,,,,,,,,,,,,,,,,,,,,,,,,,,,,,,,,,,,,,,,,,,,,,,,,,,,,,,,,,,,,,,,,,,,,,,,,,,,,,,,,,,,,,,,,,,,,,,,,,,,,,,,,,,,130.618245,124.351861,6.64739446,118,0.2899248,0.00221963479,129.725552,131.174646,32.9886929,21.5727339,0.653943276,4.35866438,68.6920003,0.0534563326,110.503531,130.614192,0.228,9.25286827
2026-06-28T20:49:37,active_select,8.077999999994063,-860.481,-287.03599999999994,935.296,-96.892,-146.537,-914.085,-212.817,-67.9668,500,500,380,380,0.76,0.76,76.0,76.64473684210526,403.86578947368423,3.2950908851076157,1.4143583935213382,4.709449278628954,500,473,208,366,65,161,187,0.7475,71.8290567,76.7895774,3.37202256,3.93504608,402,473,312,312,0,0,161,12.5732926,6.14923774,20.6280671,71.9812276,76.766778,3.2703232,3.8034711,403,180,56,0,5,20,62,0,500,500,0,23.2564137,24.6525393,11.7908698,74.8388843,76.593688,79.3629227,81.8569138,348,348,0,12.2532178,8.89903169,9.03803853,28.1932736,30.5864399,32.9816512,34.3412581,348,0.696,69.6,1.0,120,0,118.88333333333334,73.61666666666666,397.4,89.71188125078422,0.6738706528851106,0,83,0,0,0,0,0,27,0,0,0,0,0,0,0,0,0,0,10,0,10,0,27,83,0,0,0,390,0.78,78.0,141.80722891566265,71.72289156626506,439.72289156626505,108.0,151.0,8.0,129.0,430.0,456.0,9.422932368565972,34.47774582815033,4.9714140232470845,82.681931075209,,,,,,,,,,,,,,,,,,,,,,,,,,,65.92592592592592,78.07407407407408,263.3703703703704,65.0,69.0,69.0,86.0,250.0,276.0,1.1742731279039724,4.63204495399607,7.519963932749781,142.08181726352493,,,,,,,,,,,,,,,,,,,,,,,,,,,,,,,,,,,,,,,,,,,,,,,,,,,,,,,,,,,,,,,,,,71.6,77.3,408.0,70.0,73.0,72.0,82.0,408.0,408.0,1.07496769977314,3.8600518131237562,0.0,6.661640473658591,1.0,1.0,1.0,0.9200444146293233,0,0,0,0,0,10,,,,,,,,,,,,,,,,,,,,,,,,,,,,,,,,,,,,,,,,,,,,,,,,,,,,,,,,,,,,,,,,,,,,,,,,,,,,,,,,,,,,,,,,,,,,,,,,,,,,,,,,,1.1040217562337424,,,,,,,,,,,,,,,,,,,,
2026-06-29T00:49:22,validation_ingest_02_active50_mid_validation,8.234000000011292,-867.6433715820312,-707.0393676757812,146.18115234375,118.49560546875,114.50927734375,-427.1806640625,148.25341796875,-103.112548828125,500,500,389,389,0.778,0.778,77.8,,,,,,,,,,,,,0.778,,,,,,,,,,,,,,,,,,,,,,,,,,,,,,,,,,,,,389,389,0,3.03835869,1.15054047,,,4.55991951,,,389,0.778,77.8,1.0,,,,,,,,,,,,,,,,,,,,,,,,,,,,,,,,,,,,,,,,,,,,,,,,,,,,,,,,,,,,,,,,,,,,,,,,,,,,,,,,,,,,,,,,,,,,,,,,,,,,,,,,,,,,,,,,,,,,,,,,,,,,,,,,,,,,,,,,,,,,,,,,,,,,,,,,,,,,,,,,,,,,,,,,,,,,,,,,,,,,,,,,,,,,,,,,,,,,,,,,,,,,,,,,,,,,,,,,,,,,,,,,,,,,,,,,,,,,,,,,,,,,,,,,,,,,,,,,,,,,,,,,,,,,,,,,,,,,,,,,,,,1,,,,,,,,,,,,,,,,,,,
2026-06-30T05:53:39,velocity_backfill_fallback,4.90599999999904,-712.794921875,-982.4761352539062,849.6657444731788,-35.2989501953125,7.20379638671875,-603.28515625,-429.79290771484375,-44.134521484375,500,500,248,248,0.496,0.496,49.6,75.1774193548387,403.0,1.3104895218933628,0.0,1.3104895218933628,500,248,237,5,248,199,68,0.4883,79.1186536,75.175713,1.16644022,1.37576657,402,248,248,248,0,0,0,4.31382057,1.9443606,8.30901617,79.0557027,75.1969116,1.13587437,1.33486071,403,180,0,0,0,0,0,0,500,500,0,8.68582563,7.22643477,6.08004851,21.4430157,25.9112685,27.8495567,28.4999211,248,248,0,4.31382057,1.9443606,4.51565785,6.5891313,7.57864191,8.23998862,8.30901617,248,0.496,49.6,1.0,252,0,70.13095238095238,77.7936507936508,110.05555555555556,295.011613994003,0.2616424059371269,0,0,0,0,0,0,0,0,0,0,132,0,0,0,0,120,0,0,0,132,0,0,0,0,120,0,0,248,0.496,49.6,,,,,,,,,,,,,,,,,,,,,,,,,,,,,,,,,,,,,,,,,,,,,,,,,,,,,,,,,,,,,,,,,,,,,,,,,,,,,,,,,,,,,,,,,,,,70.39166666666667,77.93333333333334,114.13333333333334,70.0,71.0,75.0,80.0,114.0,118.0,0.4901694670647867,1.6074058297146245,0.5009794328681196,290.9319605666196,,,,,,,,,,,,,,,,,,,,,,,,,,,,,,,,,,,,,,,,,,,,,,,,,,69.89393939393939,77.66666666666667,106.34848484848484,69.0,70.0,76.0,79.0,103.0,111.0,0.3090881876572578,1.0012714563304432,2.2849819966379425,298.72038983707887,,,,,,,,,,,,,,,,,,,,,,,,,,,,,,,,,,,,,,,,,,,,,,,,,,,,,,,,,,,,,,,,,,,,,,,,,,,,,,,,,,130.619366,130.174331,0.338893934,248,0.0362351117,0.000277409949,130.527109,130.71312,9.81946792,4.41892206,0.450016446,1.40826366,18.8777565,0.00260338525,129.259917,130.703695,0.508,1.79206382
2026-06-28T22:00:11,angular_refine_small,7.702999999994063,-602.4261916119606,-865.1945405388861,959.3350177690284,-14.300143848523604,47.15977546720281,-538.6020914100008,-402.96500741082383,-52.12304049002776,500,500,282,282,0.564,0.564,56.4,75.55319148936171,403.0851063829787,2.214239044645186,0.40441270104993055,2.618651745695116,500,282,248,16,282,175,119,0.5402,79.3994331,75.5379989,1.27235239,2.31109895,402,282,282,282,0,0,0,6.09780812,2.39170978,13.9702548,79.3087037,75.5503453,1.24000909,2.25079628,403,180,0,0,0,0,15,0,500,493,7,12.9658369,22.553025,6.92181945,26.590869,28.9129709,180,180,282,282,0,6.16295974,2.57676745,6.38587369,8.59152871,10.0221284,14.4805398,16.3207046,282,0.564,56.4,1.0,218,0,72.66055045871559,77.48165137614679,106.39908256880734,298.8548225094801,0.2573194330783126,0,0,0,0,0,0,0,0,0,0,140,0,7,4,0,67,0,0,0,140,0,0,0,0,78,0,0,282,0.564,56.4,,,,,,,,,,,,,,,,,,,,,,,,,,,,,,,,,,,,,,,,,,,,,,,,,,,,,,,,,,,,,,,,,,119.0,77.0,71.0,119.0,119.0,76.0,79.0,71.0,71.0,0.0,1.1547005383792515,0.0,336.7597702162308,134.0,77.0,70.0,134.0,134.0,76.0,78.0,70.0,70.0,0.0,0.816496580927726,0.0,339.9860291175708,70.35820895522389,77.01492537313433,114.0,70.0,71.0,73.0,82.0,114.0,114.0,0.4830927051164928,3.0525326658636485,0.0,291.07261683872196,,,,,,,,,,,,,,,,,,,,,,,,,,,,,,,,,,,,,,,,,,,,,,,,,,69.69285714285714,77.74285714285715,105.57142857142857,68.0,70.0,74.0,81.0,101.0,111.0,0.5350509768146762,2.2292090689233692,2.6146869549831573,299.5087390777742,,,,,,,,,,,,,,,,,,,,,,,,,,,,,,,,,,,,,,,,,,,,,,,,,,,,,,,,,,,,,,,,,,,,,,,,,,,,,,,,,,,,,,,,,,,,,,,,,,,
2026-06-28T22:26:23,angular_refine_small,7.812000000005355,-611.449805641611,-838.1621544958946,985.4631361745735,-20.644711830372167,63.574657949756435,-509.14967661056494,-389.5177026995701,-64.7428986622557,500,500,245,245,0.49,0.49,49.0,75.51836734693877,403.23673469387757,2.124377774803001,0.6537075465170714,2.7780853213200722,500,245,97,0,245,126,54,0.3864,80.9311303,75.4684017,1.221085,2.21077454,402,245,245,245,0,0,0,9.56976079,3.21485972,17.2143432,80.7788561,75.4837735,1.17846585,2.14478291,403,180,0,0,0,0,33,0,500,491,9,15.9673159,25.2868454,10.1889947,26.9902688,34.377528,180,180,245,245,0,9.9166047,3.92106593,9.82711547,15.3909523,17.4010355,21.588952,21.975797,245,0.49,49.0,1.0,255,0,73.10196078431373,77.78823529411764,106.0156862745098,299.2766756171057,0.2568669717385962,0,0,0,0,0,0,0,0,0,0,153,0,9,6,0,87,0,0,0,153,0,0,0,0,102,0,0,245,0.49,49.0,,,,,,,,,,,,,,,,,,,,,,,,,,,,,,,,,,,,,,,,,,,,,,,,,,,,,,,,,,,,,,,,,,119.0,77.66666666666667,71.0,119.0,119.0,77.0,78.0,71.0,71.0,0.0,0.5,0.0,336.761042871041,134.0,77.66666666666667,70.0,134.0,134.0,77.0,78.0,70.0,70.0,0.0,0.5163977794943222,0.0,339.9882350842076,70.51724137931035,78.58620689655173,114.0,70.0,71.0,73.0,82.0,114.0,114.0,0.502599497624131,3.2369657200803257,0.0,291.081355744054,,,,,,,,,,,,,,,,,,,,,,,,,,,,,,,,,,,,,,,,,,,,,,,,,,69.48366013071896,77.34640522875817,104.94771241830065,68.0,70.0,73.0,82.0,100.0,110.0,0.6796339491090493,2.266228786697559,2.684729844473238,300.13526494303693,,,,,,,,,,,,,,,,,,,,,,,,,,,,,,,,,,,,,,,,,,,,,,,,,,,,,,,,,,,,,,,,,,,,,,,,,,,,,,,,,,,,,,,,,,,,,,,,,,,
2026-06-28T22:09:26,angular_refine_small,8.437999999994645,-711.3985412188442,-979.3703208258004,859.701819242584,-21.989564566998524,19.729995266091215,-639.0597139515332,-433.4230638509931,-43.72829622157786,500,500,404,404,0.808,0.808,80.8,75.32920792079207,403.0,1.520101330805698,0.0,1.520101330805698,500,404,385,69,403,321,133,0.7947,78.6332693,75.3080314,1.6631052,1.52927196,402,404,404,404,0,0,0,4.53263013,2.26056035,9.54115233,78.569129,75.3249816,1.62112845,1.48568129,403,180,0,0,0,0,0,0,500,500,0,4.9263114,3.03289279,4.22921967,7.98146887,9.03029375,18.1021945,21.2577012,404,404,0,4.53263013,2.26056035,4.48586404,7.74583581,8.13390759,9.07906587,9.54115233,404,0.808,80.8,1.0,96,0,70.29166666666667,77.5625,112.27083333333333,292.79052116831247,0.2642728123735789,0,0,0,0,0,0,0,0,0,0,27,0,0,0,0,69,0,0,0,27,0,0,0,0,69,0,0,404,0.808,80.8,,,,,,,,,,,,,,,,,,,,,,,,,,,,,,,,,,,,,,,,,,,,,,,,,,,,,,,,,,,,,,,,,,,,,,,,,,,,,,,,,,,,,,,,,,,,70.40579710144928,77.56521739130434,114.04347826086956,70.0,71.0,76.0,79.0,114.0,116.0,0.49464308522022293,0.946794295156109,0.267602789964774,291.0164359813194,,,,,,,,,,,,,,,,,,,,,,,,,,,,,,,,,,,,,,,,,,,,,,,,,,70.0,77.55555555555556,107.74074074074075,70.0,70.0,77.0,78.0,105.0,111.0,0.0,0.5063696835418333,1.8520797580556378,297.3242944239615,,,,,,,,,,,,,,,,,,,,,,,,,,,,,,,,,,,,,,,,,,,,,,,,,,,,,,,,,,,,,,,,,,,,,,,,,,,,,,,,,,,,,,,,,,,,,,,,,,,
2026-06-28T19:28:14,local_gaussian,13.875,316.5180415119289,-993.945638079135,746.7583062651366,-61.701521068164865,111.28976901076777,-892.7512771429158,-74.84553858587908,-1000.0,500,500,443,443,0.886,0.886,88.6,75.39277652370203,403.3250564334086,2.0665712990623506,0.938362723513921,3.0049340225762715,500,461,354,435,3,347,88,0.8419,72.142872,75.3897105,1.1680138,2.7935585,402,461,425,425,0,0,36,6.96707987,4.01076247,19.5616279,72.2439864,75.4092889,1.11999149,2.7330306,403,180,13,0,4,8,43,0,500,498,2,11.6694507,19.2212923,5.76137381,23.8639471,66.0397441,84.425003,180,441,441,0,7.20841195,5.40824863,5.55734663,13.8929323,21.5520408,27.8474653,28.9421082,441,0.882,88.2,1.0,57,0,99.03508771929825,79.19298245614036,244.0,201.31842389491098,0.44063970595987756,0,17,0,0,0,0,13,6,0,0,0,0,7,4,0,9,0,0,1,0,1,0,19,17,20,0,0,444,0.888,88.8,115.11764705882354,82.70588235294117,449.47058823529414,80.0,134.0,7.0,151.0,442.0,461.0,14.45199965809739,63.96460418258909,5.821486569799242,87.30419417661112,,,,,,,,,,,,,,80.0,84.15384615384616,183.69230769230768,74.0,87.0,65.0,88.0,174.0,194.0,3.559026084010437,7.312616424670377,6.944837595708717,221.63177640226507,79.66666666666667,74.5,258.8333333333333,69.0,86.0,64.0,85.0,250.0,271.0,7.146094504459528,10.483320084782301,9.020347369512255,146.67996335536517,,,,,,,,,,,,,,119.0,75.42857142857143,79.85714285714286,119.0,119.0,71.0,82.0,71.0,82.0,0.0,3.598941643369749,3.933978962347216,327.99149199016455,133.75,76.25,80.0,133.0,134.0,75.0,78.0,70.0,84.0,0.5,1.2583057392117916,6.683312551921141,330.09596597018765,81.0,73.66666666666667,115.44444444444444,81.0,81.0,69.0,82.0,114.0,117.0,0.0,4.898979485566356,1.0137937550497034,289.64491570107725,,,,,,,,,,,,,,73.0,71.0,408.0,73.0,73.0,71.0,71.0,408.0,408.0,,,,6.557438524302,1.0,1.0,1.0,0.9200444146293233,0,0,0,0,0,1,,,,,,,,,,,,,,,,,,,,,,,,,,,,,,,,,,,,,,,,,,,,,,,,,,,,,,,,,,,,,,,,,,,,,,,,,,,,,,,,,,,,,,,,,,,,,,,,,,,,,,,,,,,,,,,,,,,,,,,,,,,,,
2026-06-28T23:10:35,angular_refine_small,7.672000000005937,-805.0217659125503,-793.8013542921193,954.9240357179368,37.15583522505858,24.747616352739023,-542.1660232023727,-232.94488884205214,-58.01719534749475,500,500,451,451,0.902,0.902,90.2,75.75831485587584,403.0,1.08182594542793,0.0,1.08182594542793,500,451,451,251,401,417,229,0.902,76.7274128,75.7712713,1.26771153,1.1190824,402,451,451,451,0,0,0,2.44990968,0.936145391,4.42462144,76.739811,75.7754145,1.24227612,1.08279121,403,180,0,0,0,0,0,0,500,500,0,2.76890718,1.36615167,2.65674656,4.20968132,6.06512936,6.7845719,6.89765687,451,451,0,2.44990968,0.936145391,2.52503892,3.76477156,4.05334709,4.2546167,4.42462144,451,0.902,90.2,1.0,49,0,70.83673469387755,77.6734693877551,114.79591836734694,290.2554438905046,0.26731496038155145,0,0,0,0,0,0,0,0,0,0,0,0,0,0,0,49,0,0,0,0,0,0,0,0,49,0,0,451,0.902,90.2,,,,,,,,,,,,,,,,,,,,,,,,,,,,,,,,,,,,,,,,,,,,,,,,,,,,,,,,,,,,,,,,,,,,,,,,,,,,,,,,,,,,,,,,,,,,70.83673469387755,77.6734693877551,114.79591836734694,70.0,71.0,77.0,78.0,114.0,118.0,0.3734377890799553,0.47380354147934284,1.224397672271532,290.2554438905046,,,,,,,,,,,,,,,,,,,,,,,,,,,,,,,,,,,,,,,,,,,,,,,,,,,,,,,,,,,,,,,,,,,,,,,,,,,,,,,,,,,,,,,,,,,,,,,,,,,,,,,,,,,,,,,,,,,,,,,,,,,,,,,,,,,,,,,,,,,,,,,,,,,,,,,,,,,,,,,,,
2026-06-30T04:16:50,velocity_backfill_t98_100,10.204000000001543,-852.2507776687713,-745.3990158760728,544.6540297229976,16.30907881024168,-45.28633812657161,-795.6657329198323,-39.17372893120896,-318.8625562536815,500,500,500,500,1.0,1.0,100.0,75.806,403.0,1.2726363213474718,0.0,1.2726363213474718,500,500,465,464,135,326,195,0.9755,73.741672,75.7633042,2.10659874,1.26960327,402,500,500,500,0,0,0,5.87769795,3.23242562,14.6062648,73.8297645,75.7703769,2.03979973,1.22663342,403,180,0,0,0,0,0,0,500,500,0,5.87769795,3.23242562,5.34859741,10.3327068,12.0103722,13.9062913,14.6062648,500,500,0,5.87769795,3.23242562,5.34859741,10.3327068,12.0103722,13.9062913,14.6062648,500,1.0,100.0,1.0,0,0,,,,,,0,0,0,0,0,0,0,0,0,0,0,0,0,0,0,0,0,0,0,0,0,0,0,0,0,0,0,500,1.0,100.0,,,,,,,,,,,,,,,,,,,,,,,,,,,,,,,,,,,,,,,,,,,,,,,,,,,,,,,,,,,,,,,,,,,,,,,,,,,,,,,,,,,,,,,,,,,,,,,,,,,,,,,,,,,,,,,,,,,,,,,,,,,,,,,,,,,,,,,,,,,,,,,,,,,,,,,,,,,,,,,,,,,,,,,,,,,,,,,,,,,,,,,,,,,,,,,,,,,,,,,,,,,,,,,,,,,,,,,,,,,,,,,,,,,,,,,,,,,,,,,,,,,,,,,,130.6231,129.729649,0.85617003,500,0.0811503276,0.000621255563,130.47316,131.027581,13.3551565,7.31613716,0.54781366,0.925640666,32.9184859,0.0065996481,126.31939,130.59444,0.998,3.22608969
2026-06-30T06:13:37,velocity_backfill_t98_100,5.265999999999622,-925.0,-1000.0,945.045,-9.45424,-73.8701,-760.0,-165.252,-206.276,500,500,500,500,1.0,1.0,100.0,75.246,403.0,1.1242828932471116,0.0,1.1242828932471116,500,500,498,198,500,481,137,0.9986,77.1265499,75.2957458,0.919210989,1.08441308,402,500,500,500,0,0,0,1.88989361,0.774816846,6.5846686,77.1299405,75.3137381,0.892285382,1.07277022,403,180,0,0,0,0,0,0,500,500,0,1.88989361,0.774816846,1.88565117,2.79425928,3.01860207,4.40393886,6.5846686,500,500,0,1.88989361,0.774816846,1.88565117,2.79425928,3.01860207,4.40393886,6.5846686,500,1.0,100.0,1.0,0,0,,,,,,0,0,0,0,0,0,0,0,0,0,0,0,0,0,0,0,0,0,0,0,0,0,0,0,0,0,0,500,1.0,100.0,,,,,,,,,,,,,,,,,,,,,,,,,,,,,,,,,,,,,,,,,,,,,,,,,,,,,,,,,,,,,,,,,,,,,,,,,,,,,,,,,,,,,,,,,,,,,,,,,,,,,,,,,,,,,,,,,,,,,,,,,,,,,,,,,,,,,,,,,,,,,,,,,,,,,,,,,,,,,,,,,,,,,,,,,,,,,,,,,,,,,,,,,,,,,,,,,,,,,,,,,,,,,,,,,,,,,,,,,,,,,,,,,,,,,,,,,,,,,,,,,,,,,,,,130.603342,130.520366,0.0785254415,500,0.0262383619,0.000200901152,130.529379,130.673976,4.30673363,1.76451512,0.409710764,0.455490082,14.9806364,0.000601633629,129.777998,130.649153,1.0,0.815459569
2026-06-30T05:46:49,velocity_backfill_t98_100,5.514999999999418,-871.4833745874699,-896.4176100243834,933.2777771753505,-95.41577029901393,-106.65262785822556,-927.4018424184949,-152.72072222478695,-19.774890853502136,500,500,500,500,1.0,1.0,100.0,75.516,403.0,0.6438735483715612,0.0,0.6438735483715612,500,500,500,260,368,500,159,1,76.6665779,75.4538112,2.02606536,0.633283785,402,500,500,500,0,0,0,3.47204233,1.50064295,7.41590107,76.6602936,75.4681658,1.96688707,0.607162647,403,180,0,0,0,0,0,0,500,500,0,3.47204233,1.50064295,3.40566025,5.52987889,5.93053956,6.7533208,7.41590107,500,500,0,3.47204233,1.50064295,3.40566025,5.52987889,5.93053956,6.7533208,7.41590107,500,1.0,100.0,1.0,0,0,,,,,,0,0,0,0,0,0,0,0,0,0,0,0,0,0,0,0,0,0,0,0,0,0,0,0,0,0,0,500,1.0,100.0,,,,,,,,,,,,,,,,,,,,,,,,,,,,,,,,,,,,,,,,,,,,,,,,,,,,,,,,,,,,,,,,,,,,,,,,,,,,,,,,,,,,,,,,,,,,,,,,,,,,,,,,,,,,,,,,,,,,,,,,,,,,,,,,,,,,,,,,,,,,,,,,,,,,,,,,,,,,,,,,,,,,,,,,,,,,,,,,,,,,,,,,,,,,,,,,,,,,,,,,,,,,,,,,,,,,,,,,,,,,,,,,,,,,,,,,,,,,,,,,,,,,,,,,130.611808,130.327345,0.213364319,500,0.0285503678,0.000218589485,130.543507,130.693785,7.90747495,3.41389623,0.431730262,0.504561018,16.8668149,0.00163714161,129.585697,130.62434,1.0,1.5409897
2026-06-28T19:31:30,local_gaussian,8.202999999994063,-881.3217103643664,-973.3326321607481,896.5910303432245,25.86274072114137,-68.46074564063844,-719.5846183555341,24.993676466569593,-252.3204039555672,500,500,500,500,1.0,1.0,100.0,75.154,403.0,0.7845476595211538,0.0,0.7845476595211538,500,500,500,256,435,498,92,1,76.8401047,75.2372491,1.26223971,0.766246948,402,500,500,500,0,0,0,2.23130333,1.04774315,5.63414837,76.8590285,75.2560791,1.22982261,0.759038941,403,180,0,0,0,0,0,0,500,500,0,2.23130333,1.04774315,1.99867491,3.92375104,4.23434996,4.51842154,5.63414837,500,500,0,2.23130333,1.04774315,1.99867491,3.92375104,4.23434996,4.51842154,5.63414837,500,1.0,100.0,1.0,0,0,,,,,,0,0,0,0,0,0,0,0,0,0,0,0,0,0,0,0,0,0,0,0,0,0,0,0,0,0,0,500,1.0,100.0,,,,,,,,,,,,,,,,,,,,,,,,,,,,,,,,,,,,,,,,,,,,,,,,,,,,,,,,,,,,,,,,,,,,,,,,,,,,,,,,,,,,,,,,,,,,,,,,,,,,,,,,,,,,,,,,,,,,,,,,,,,,,,,,,,,,,,,,,,,,,,,,,,,,,,,,,,,,,,,,,,,,,,,,,,,,,,,,,,,,,,,,,,,,,,,,,,,,,,,,,,,,,,,,,,,,,,,,,,,,,,,,,,,,,,,,,,,,,,,,,,,,,,,,,,,,,,,,,,,,,,,,,
2026-06-30T06:21:10,velocity_backfill_fallback,3.7340000000003783,139.4857180112383,958.483009712696,687.9648624926267,944.1798559322235,-873.5312746331376,-361.0234238583653,954.325858689831,-719.6324585719349,500,500,0,0,0.0,0.0,0.0,,,,,,500,0,0,0,0,0,0,0,0,0,0,0,402,0,0,0,0,0,0,0,0,0,0,0,0,0,403,180,0,0,0,0,0,0,500,248,252,129.306849,51.5809829,180,180,180,180,180,0,0,0,0,0,0,0,0,0,0,0,0.0,0.0,0.0,500,0,176.596,79.168,76.578,352.4650068755297,0.20501437742801915,0,96,5,25,0,0,0,0,0,0,0,2,0,372,0,0,0,0,0,2,0,30,0,96,372,0,0,0,0.0,0.0,333.1041666666667,86.01041666666667,80.6875,90.0,403.0,1.0,151.0,1.0,151.0,64.4068448743351,44.40637573750363,59.82559081019989,421.01604657858076,,,,,,,,,,,,,,,,,,,,,,,,,,,,,,,,,,,,,,,,104.0,64.5,83.0,104.0,104.0,64.0,65.0,83.0,83.0,0.0,0.7071067811865476,0.0,323.42000507686043,,,,,,,,,,,,,,133.40860215053763,77.44623655913979,75.9247311827957,132.0,134.0,62.0,91.0,62.0,90.0,0.8870017839549693,6.878993519118348,9.092500460135787,334.12410423858444,,,,,,,,,,,,,,,,,,,,,,,,,,,,,,,,,,,,,,,,,,,,,,,,,,,,,,,,,,,,,,,,,,,,,,,,,,,,210.36,79.84,70.96,204.0,229.0,66.0,89.0,65.0,83.0,7.273696905059123,7.525955088890711,6.187891401761993,360.21662008974863,,,,,,,,,,,,,,,,,,,,,,,,,,,245.0,78.4,71.8,243.0,250.0,66.0,86.0,65.0,86.0,3.082207001484488,8.61974477580398,8.28854631404084,373.70813541404834,,,,,,,,,,,,,,,,,,,,,,,,,,,,,,0,0,0,0,0,0,0,0,0,0,0,0,0,0,0,0,0.0,0.0
2026-06-30T07:15:03,velocity_backfill_fallback,3.625,722.3460355530738,-632.1952202467846,-872.6789944213119,730.5566485091404,-381.5511819696211,-522.0402629358143,64.70347077428687,541.7241932492466,500,500,0,0,0.0,0.0,0.0,,,,,,500,0,0,0,0,0,0,0,0,0,0,0,402,0,0,0,0,0,0,0,0,0,0,0,0,0,403,180,0,0,0,0,0,0,500,245,255,125.259565,57.2461256,180,180,180,180,180,0,0,0,0,0,0,0,0,0,0,0,0.0,0.0,0.0,500,0,325.664,79.866,73.992,419.691678146832,0.15249592795667286,0,308,0,0,192,0,0,0,0,0,0,0,0,0,0,0,0,0,0,0,0,192,0,308,0,0,0,0,0.0,0.0,347.72402597402595,81.79545454545455,72.31493506493507,211.0,410.0,1.0,151.0,1.0,151.0,65.04334666437647,50.53260674151284,54.99968763010796,436.80787457879995,,,,,,,,,,,,,,,,,,,,,,,,,,,,,,,,,,,,,,,,,,,,,,,,,,,,,,,,,,,,,,,,,,,,,,,,,,,,,,,,,,,,,,,,,,,,,,,,,,,,,,,,,,,,,,,,,,,,,,,,,,,,,,,,,,,,,,,,,,,,,,,,,,,,,,,,,,,,,,,,,,,,,,,,,,,,,,,,,,,,290.2760416666667,76.77083333333333,76.68229166666667,281.0,306.0,64.0,89.0,64.0,89.0,8.236163962367963,8.259507187949145,8.39521797055466,392.23444637055013,,,,,,,,,,,,,,,,,,,,,,,,,,,,,,,,,,,,,,,,,,,0,0,0,0,0,0,0,0,0,0,0,0,0,0,0,0,0.0,0.0
2026-06-30T06:51:44,velocity_backfill_t00_10,3.5,-124.1379877719088,185.6511976204613,73.40771595797924,312.33228316917894,448.3665681446728,-48.54986557185407,157.01362830964877,364.4593797915709,500,500,4,4,0.008,0.008,0.8,76.0,403.25,1.8257418583505538,0.5,2.325741858350554,500,17,2,4,3,1,1,0.0105,86.7922509,94.7472249,20.8869965,42.7722809,402,16,3,3,0,0,13,9.76747492,5.57208814,19.0984782,87.5160982,91.2599965,21.3289526,41.6948183,403,180,1,0,0,0,0,0,500,313,187,97.7633405,69.2713102,87.8316221,180,180,180,180,3,3,0,9.07533765,3.44714494,6.78120629,13.9475789,13.9475789,13.9475789,13.9475789,3,0.006,0.6,1.0,496,0,123.80846774193549,79.47983870967742,122.06854838709677,295.3233606809084,0.2829890272696646,0,53,0,39,0,9,17,0,0,0,0,25,18,240,21,26,6,42,0,25,0,39,26,53,290,0,63,4,0.008,0.8,108.05660377358491,92.01886792452831,384.8490566037736,12.0,151.0,6.0,151.0,305.0,483.0,41.219587900722274,50.94849985186313,49.47975352311562,89.8517119649026,84.55555555555556,77.33333333333333,217.55555555555554,69.0,89.0,69.0,88.0,212.0,235.0,7.5351030369715435,6.041522986797286,9.422196016735047,187.86510119830007,83.76470588235294,77.58823529411765,183.76470588235293,73.0,87.0,65.0,87.0,174.0,197.0,4.085483627502163,8.147536617970887,7.854373079411764,221.55381276703088,,,,,,,,,,,,,,87.24,75.32,94.6,82.0,92.0,62.0,95.0,89.0,107.0,2.8907899727698427,9.60780932366999,5.361902647381804,310.7590958703403,119.0,78.11111111111111,76.11111111111111,119.0,119.0,65.0,91.0,71.0,82.0,0.0,6.978023391872253,5.267981965319177,331.7648415509782,133.9875,77.01666666666667,74.84583333333333,133.0,134.0,65.0,89.0,61.0,90.0,0.1113346194565722,6.1501210429063,10.134099987973686,335.27013236001955,81.23076923076923,78.42307692307692,115.5,81.0,82.0,59.0,95.0,114.0,119.0,0.4296689244236597,10.404510856058835,1.5297058540778354,289.73732964202,81.33333333333333,99.83333333333333,132.0,81.0,82.0,99.0,100.0,132.0,132.0,0.5163977794943222,0.408248290463863,0.0,274.09091927945593,,,,,,,,,,,,,,,,,,,,,,,,83.02380952380952,77.95238095238095,125.0,79.0,84.0,57.0,102.0,125.0,125.0,0.9997095977868197,12.489903006814279,0.0,280.3681873232162,,,,,,,,,,,,,,211.89743589743588,83.1025641025641,71.02564102564102,204.0,227.0,69.0,88.0,65.0,85.0,5.820991377830991,4.756131066954094,6.080543515730617,360.70802850732326,126.95238095238095,76.38095238095238,74.0,126.0,127.0,64.0,90.0,70.0,82.0,0.2182178902359924,7.710228209827453,5.796550698475776,334.98457423598944,,,,,,,,,,,,,,,,,,,,,,,,,,,,,,,,,,,,,,,,,,,,,,,,,,,,,,,,130.628357,128.760549,1.42568519,3,0.0251755873,0.000192726815,130.594939,130.655703,20.5624607,7.72282909,0.375579032,14.7819571,31.4778273,0.0110723758,126.744564,129.795408,0.01,8.23889216
2026-06-28T18:11:37,global_lhs,7.514999999999418,-124.1379877719088,185.6511976204613,73.40771595797924,312.33228316917894,448.3665681446728,-48.54986557185407,157.01362830964877,364.4593797915709,500,500,6,6,0.012,0.012,1.2,76.33333333333333,404.3333333333333,2.581988897471611,2.065591117977289,4.6475800154489,500,28,3,3,4,3,0,0.0112,98.020615,71.0475373,18.3115635,55.228445,402,27,4,4,0,0,23,7.87578407,4.3122039,19.7634381,96.9430735,72.8488797,17.7250914,55.4945235,403,180,1,0,0,0,0,0,500,336,164,91.7105059,68.3024043,87.7787132,180,180,180,180,5,5,0,13.1782833,8.23889216,10.5045822,29.1171979,29.1171979,29.1171979,29.1171979,5,0.01,1.0,1.0,494,0,122.85425101214575,76.32793522267207,125.52226720647774,293.2119287964242,0.286789928262196,0,55,0,32,0,6,16,0,0,0,0,30,14,242,25,28,6,39,1,30,1,32,22,55,290,0,64,7,0.014,1.4,112.69090909090909,70.43636363636364,398.6,20.0,150.0,1.0,151.0,302.0,483.0,29.19657052874071,57.81764553040996,49.46476486311204,87.98219444674326,78.33333333333333,78.16666666666667,212.5,65.0,88.0,71.0,88.0,212.0,215.0,10.366613075960087,7.782458908768274,1.224744871391589,192.88942560814448,82.375,76.125,185.0625,69.0,88.0,64.0,88.0,174.0,199.0,5.65538091849995,8.349650691296413,10.376054163312757,220.24688293518145,,,,,,,,,,,,,,86.23333333333333,73.96666666666667,95.93333333333334,82.0,92.0,59.0,94.0,89.0,107.0,2.8000410506022,10.303944117075563,4.820454502346786,309.4201851834006,119.0,74.85714285714286,75.28571428571429,119.0,119.0,62.0,90.0,70.0,82.0,0.0,9.020124021466522,5.2977291423716695,332.6225047433506,133.9793388429752,76.47107438016529,76.25619834710744,132.0,134.0,64.0,90.0,61.0,90.0,0.19213470178546876,6.776300389865974,9.735104741380054,333.89051579521305,81.32142857142857,81.0,115.71428571428571,81.0,82.0,61.0,95.0,114.0,119.0,0.47559486560567094,9.725872330675156,1.9599157740244455,289.5358119909808,81.0,99.33333333333333,132.0,80.0,82.0,99.0,100.0,132.0,132.0,0.6324555320336759,0.5163977794943222,0.0,274.0419634207845,82.0,74.0,408.0,82.0,82.0,74.0,74.0,408.0,408.0,,,,7.0,1.0,1.0,1.0,0.9200444146293233,0,0,0,0,0,1,82.53846153846153,75.0,125.12820512820512,79.0,84.0,57.0,102.0,125.0,126.0,1.2106143252640011,12.420272053974376,0.3386884284293705,280.2205786257196,,,,,,,,,,,,,,212.1875,80.75,69.90625,205.0,228.0,67.0,88.0,65.0,87.0,5.871953568419748,6.40060481013192,5.485225757697054,361.8398695003836,126.96,77.0,76.24,126.0,127.0,63.0,90.0,70.0,82.0,0.2,8.490190417966685,6.118823416311343,332.79308396851746,,,,,,,,,,,,,,,,,,,,,,,,,,,,,,,,,,,,,,,,,,,,,,,,,,,,,,,,,,,,,,,,,,,,,,,,,
2026-06-28T20:21:54,axis_scan,7.702999999994063,-900.0,-1000.0,945.045,-9.45424,-73.8701,-760.0,434.748,-206.276,500,500,491,491,0.982,0.982,98.2,75.10590631364562,403.0,1.1415106994326598,0.0,1.1415106994326598,500,493,484,159,490,476,98,0.9797,77.5790377,75.1526216,1.28371028,1.18405628,402,493,492,492,0,0,1,2.56755067,1.61190737,14.9925223,77.573636,75.1741348,1.24349465,1.16468301,403,180,0,1,0,0,2,0,500,500,0,2.73409123,3.1828003,2.28077046,4.50580675,5.51843411,7.76491286,61.9789691,492,492,0,2.5601701,1.6982346,2.25476858,4.4085586,5.40355548,6.75938243,23.6252101,492,0.984,98.4,1.0,9,0,61.55555555555556,81.77777777777777,291.0,131.5773834342549,0.5653438045422969,0,1,0,0,0,0,0,7,0,0,0,0,0,0,0,0,0,0,1,0,1,0,7,1,0,0,0,492,0.984,98.4,19.0,124.0,459.0,19.0,19.0,124.0,124.0,459.0,459.0,,,,92.02716990106781,,,,,,,,,,,,,,,,,,,,,,,,,,,65.0,77.14285714285714,250.28571428571428,65.0,65.0,77.0,78.0,250.0,251.0,0.0,0.3779644730092272,0.48795003647426655,155.10945096711336,,,,,,,,,,,,,,,,,,,,,,,,,,,,,,,,,,,,,,,,,,,,,,,,,,,,,,,,,,,,,,,,,,80.0,72.0,408.0,80.0,80.0,72.0,72.0,408.0,408.0,,,,6.4031242374328485,1.0,1.0,1.0,0.9200444146293233,0,0,0,0,0,1,,,,,,,,,,,,,,,,,,,,,,,,,,,,,,,,,,,,,,,,,,,,,,,,,,,,,,,,,,,,,,,,,,,,,,,,,,,,,,,,,,,,,,,,,,,,,,,,,,,,,,,,,,,,,,,,,,,,,,,,,,,,,
2026-06-30T06:11:58,velocity_backfill_fallback,5.48399999999674,-900.0,-1000.0,945.045,-9.45424,-73.8701,-760.0,434.748,-206.276,500,500,484,484,0.968,0.968,96.8,75.14049586776859,403.00619834710744,1.114970852557717,0.07856641186834769,1.193537264426065,500,486,475,170,485,466,102,0.9643,77.4935215,75.1884493,1.29710578,1.13348557,402,486,482,482,0,0,4,2.5447977,1.65059572,15.770921,77.4918444,75.209383,1.25642296,1.11515918,403,180,0,1,1,0,1,0,500,500,0,2.85829794,4.3620519,2.2305273,4.58106825,5.63934937,8.81688666,66.9563758,482,482,0,2.46658999,1.38222567,2.17038665,4.18033118,4.92085914,5.98651976,13.5378875,482,0.964,96.4,1.0,16,0,59.375,82.625,275.625,146.58339739355836,0.5163874958217569,0,2,0,0,0,0,0,14,0,0,0,0,0,0,0,0,0,0,0,0,0,0,14,2,0,0,0,484,0.968,96.8,20.0,122.5,451.5,8.0,32.0,108.0,137.0,451.0,452.0,16.97056274847714,20.506096654409877,0.7071067811865476,88.40201804110484,,,,,,,,,,,,,,,,,,,,,,,,,,,65.0,76.92857142857143,250.5,65.0,65.0,76.0,78.0,250.0,252.0,0.0,0.615727926214882,0.7595545253127499,154.89502301533744,,,,,,,,,,,,,,,,,,,,,,,,,,,,,,,,,,,,,,,,,,,,,,,,,,,,,,,,,,,,,,,,,,,,,,,,,,,,,,,,,,,,,,,,,,,,,,,,,,,,,,,,,,,,,,,,,,,,,,,,,,,,,,,,,,,,,,,,,,,,,,,,,,,,,,,,,,,,,,,,,,,,,,,,,,,,,,,,,,,,,,,,,,,,,,,,,,,,130.609472,130.450525,0.230775695,482,0.0434248328,0.000332478433,130.473037,130.904253,5.61888315,3.14189174,0.559166592,0.32052206,30.6049636,0.00176906681,127.108508,130.696152,0.984,1.6982346
2026-06-28T19:14:25,local_gaussian,6.610000000000582,-1000.0,-1000.0,1000.0,-88.10542588735967,746.8589950119348,-983.9272270465681,341.65038613743286,76.41758065942804,500,500,0,0,0.0,0.0,0.0,,,,,,500,0,0,0,0,0,0,0,0,0,0,0,402,0,0,0,0,0,0,0,0,0,0,0,0,0,403,180,0,0,0,0,0,0,500,500,0,5.83114203,3.0137805,5.84938342,9.77026943,11.1529648,12.9142777,13.5708779,0,0,0,0,0,0,0,0,0,0,0,0.0,0.0,0.0,500,0,82.338,77.39,107.03,298.0447619829574,0.2580121481676445,0,0,0,0,0,0,0,0,0,0,0,500,0,0,0,0,0,0,0,500,0,0,0,0,0,0,0,0,0.0,0.0,,,,,,,,,,,,,,,,,,,,,,,,,,,,,,,,,,,,,,,,,,,,,,,,,,,,,82.338,77.39,107.03,82.0,83.0,74.0,81.0,107.0,108.0,0.47350227963298686,1.496120567837704,0.17075806462145948,298.0447619829574,,,,,,,,,,,,,,,,,,,,,,,,,,,,,,,,,,,,,,,,,,,,,,,,,,,,,,,,,,,,,,,,,,,,,,,,,,,,,,,,,,,,,,,,,,,,,,,,,,,,,,,,,,,,,,,,,,,,,,,,,,,,,,,,,,,,,,,,,,,,,,,,,,,,,,,,,,,,,,,,,,,,,,,,,,,,,,,,,,,,,,,,,,,,,,,,,,,,,,,,
2026-06-30T06:54:02,velocity_backfill_fallback,4.687000000001717,-900.0,-1000.0,934.941,-11.4792,-88.6614,-760.0,40.0,287.551,500,500,500,500,1.0,1.0,100.0,75.19,403.0,0.9632006597911175,0.0,0.9632006597911175,500,500,497,169,500,472,90,0.9979,77.6957179,75.2603156,1.45247836,0.936026163,402,500,500,500,0,0,0,2.81158751,1.83685987,9.70505537,77.6778974,75.2786887,1.40119104,0.926776147,403,180,0,0,0,0,0,0,500,500,0,2.81158751,1.83685987,2.36291395,5.69646189,6.8587022,8.75363527,9.70505537,500,500,0,2.81158751,1.83685987,2.36291395,5.69646189,6.8587022,8.75363527,9.70505537,500,1.0,100.0,1.0,0,0,,,,,,0,0,0,0,0,0,0,0,0,0,0,0,0,0,0,0,0,0,0,0,0,0,0,0,0,0,0,500,1.0,100.0,,,,,,,,,,,,,,,,,,,,,,,,,,,,,,,,,,,,,,,,,,,,,,,,,,,,,,,,,,,,,,,,,,,,,,,,,,,,,,,,,,,,,,,,,,,,,,,,,,,,,,,,,,,,,,,,,,,,,,,,,,,,,,,,,,,,,,,,,,,,,,,,,,,,,,,,,,,,,,,,,,,,,,,,,,,,,,,,,,,,,,,,,,,,,,,,,,,,,,,,,,,,,,,,,,,,,,,,,,,,,,,,,,,,,,,,,,,,,,,,,,,,,,,,130.607961,130.383764,0.308760208,500,0.0301974402,0.000231206735,130.513235,130.749277,6.40243826,4.17468009,0.652045349,0.0527227298,22.0412359,0.00236808785,128.848092,130.654614,1.0,1.93360703
2026-06-28T18:17:59,local_gaussian,6.671999999991385,-1000.0,-1000.0,984.4749746435128,193.17378725204213,598.5519609513028,-939.6486869900122,903.7783100889953,244.61374593503677,500,500,0,0,0.0,0.0,0.0,,,,,,500,0,0,0,0,0,0,0,0,0,0,0,402,0,0,0,0,0,0,0,0,0,0,0,0,0,403,180,0,0,0,0,0,0,500,500,0,41.5779261,6.17942222,43.1200442,47.9946873,48.7060864,53.6212621,56.0616955,0,0,0,0,0,0,0,0,0,0,0,0.0,0.0,0.0,500,0,94.998,77.464,86.75,318.83571553576724,0.23475677592858896,0,0,0,0,0,0,0,0,0,0,0,500,0,0,0,0,0,0,0,500,0,0,0,0,0,0,0,0,0.0,0.0,,,,,,,,,,,,,,,,,,,,,,,,,,,,,,,,,,,,,,,,,,,,,,,,,,,,,94.998,77.464,86.75,88.0,103.0,74.0,81.0,83.0,93.0,2.9146159218572674,1.5064005061635963,1.9948581197257291,318.83571553576724,,,,,,,,,,,,,,,,,,,,,,,,,,,,,,,,,,,,,,,,,,,,,,,,,,,,,,,,,,,,,,,,,,,,,,,,,,,,,,,,,,,,,,,,,,,,,,,,,,,,,,,,,,,,,,,,,,,,,,,,,,,,,,,,,,,,,,,,,,,,,,,,,,,,,,,,,,,,,,,,,,,,,,,,,,,,,,,,,,,,,,,,,,,,,,,,,,,,,,,,
2026-06-30T07:01:55,velocity_backfill_t00_10,4.656999999999243,-1000.0,-1000.0,984.4749746435128,193.17378725204213,598.5519609513028,-939.6486869900122,903.7783100889953,244.61374593503677,500,500,0,0,0.0,0.0,0.0,,,,,,500,0,0,0,0,0,0,0,0,0,0,0,402,0,0,0,0,0,0,0,0,0,0,0,0,0,403,180,0,0,0,0,0,0,500,500,0,41.7462561,6.19536596,42.8776576,47.9788521,49.0430068,54.8708415,55.553012,0,0,0,0,0,0,0,0,0,0,0,0.0,0.0,0.0,500,0,95.11,77.402,86.676,318.9163478827735,0.23467058941588112,0,0,0,0,0,0,0,0,0,0,0,500,0,0,0,0,0,0,0,500,0,0,0,0,0,0,0,0,0.0,0.0,,,,,,,,,,,,,,,,,,,,,,,,,,,,,,,,,,,,,,,,,,,,,,,,,,,,,95.11,77.402,86.676,88.0,102.0,73.0,81.0,83.0,94.0,2.9194084832005895,1.5714116804130855,1.9775858240245265,318.9163478827735,,,,,,,,,,,,,,,,,,,,,,,,,,,,,,,,,,,,,,,,,,,,,,,,,,,,,,,,,,,,,,,,,,,,,,,,,,,,,,,,,,,,,,,,,,,,,,,,,,,,,,,,,,,,,,,,,,,,,,,,,,,,,,,,,,,,,,,,,,,,,,,,,,,,,,,,,,,,,,,,,,,,,,,,,,,,,,,,,,,,,,,0,0,0,0,0,0,0,0,0,0,0,0,0,0,0,0,0.0,0.0
