score,sample_mode,V3,V6,V9,V10,V11,V12,V15,V18,pred_detector_contact_fraction,unc_detector_contact_fraction,pred_terminal_angle_theta_mean_deg,unc_terminal_angle_theta_mean_deg,pred_terminal_angle_theta_p95_deg,unc_terminal_angle_theta_p95_deg,pred_terminal_angle_theta_p99_deg,unc_terminal_angle_theta_p99_deg
1.7673490784916401,local_gaussian,-750.1778161550893,-680.2851116461192,1000.0,115.04078266399046,32.28871179924124,-488.03634992276,-313.53783280558264,253.3554002320695,0.6159074902534485,0.20132170617580414,11.583852767944336,2.3607726097106934,24.344032287597656,5.912273406982422,34.50349807739258,8.00920295715332
1.6594137597626892,local_gaussian,-1000.0,-1000.0,798.0177969857247,165.77981022730614,-4.9469589081743095,-584.6820159670799,-411.8079981771286,-257.85692282152945,0.5466195344924927,0.11670562624931335,7.671021938323975,1.1942535638809204,17.413330078125,3.0827996730804443,29.684127807617188,9.512758255004883
1.6339337995658734,local_gaussian,-548.5670863187662,-811.8977329064606,1000.0,-127.51350792189332,-227.75580606036166,-1000.0,-291.3372617527081,238.87005795153274,0.476661741733551,0.13314996659755707,25.434017181396484,10.214405059814453,107.80885314941406,43.61366271972656,111.13154602050781,43.4211540222168
1.6277011070764407,local_gaussian,276.0207553604747,-733.2314862313451,620.2223486041515,71.27990317502156,-15.404026453608509,-757.8244559054169,-139.25483404994094,-1000.0,0.5820645093917847,0.10589790344238281,22.918535232543945,7.480785369873047,75.35432434082031,23.52564239501953,85.06906127929688,23.816848754882812
1.6260323009025188,local_gaussian,-722.7275187782838,-585.5197186363421,852.9156516888856,-45.347955369713276,-71.26681379797463,-1000.0,109.91560147565849,-435.3761394226755,0.5598024129867554,0.09909569472074509,16.67403221130371,1.9330438375473022,49.993446350097656,15.398868560791016,61.367279052734375,10.783432960510254
1.6229082849061283,local_gaussian,-1000.0,-919.3239842063829,847.490954742762,157.74909757816408,243.407362674134,-473.8191737077406,196.64764879273457,-554.1838559990508,0.5533217191696167,0.0966525450348854,10.78708553314209,1.8719987869262695,24.097719192504883,6.0184855461120605,39.123512268066406,7.420619964599609
1.6172278313543782,between_elites,-572.2797953343169,-990.8028365589439,933.7525931064961,-61.96793239698064,41.064603570509526,-757.6251782312786,-56.36476327330814,-570.4170977632283,0.5803929567337036,0.09946242719888687,35.295310974121094,6.463962078094482,153.67604064941406,27.754318237304688,155.11631774902344,26.299997329711914
1.613806490937672,local_gaussian,-999.9042198385182,-659.1308295714953,332.88387593692266,81.80560555846866,-39.90523440635753,-750.2730903837468,-98.69237403868942,-162.0141160220139,0.5764981508255005,0.09826537221670151,10.38679313659668,1.0221716165542603,20.98651123046875,3.407414436340332,33.60451889038086,8.519989967346191
1.6126953314619703,local_gaussian,-1000.0,-1000.0,53.79543190371885,441.28950678463195,458.3656354685133,258.14721827957726,-503.81308021377106,-1000.0,0.5520979166030884,0.09089843183755875,15.569514274597168,3.944448947906494,37.43519973754883,15.532357215881348,57.96100997924805,18.347640991210938
1.6099356129974245,local_gaussian,-1000.0,-1000.0,1000.0,22.750652693153057,100.27034060753526,-638.8295452834604,845.5543647032497,-285.28429166452537,0.5471197366714478,0.08921675384044647,10.759645462036133,2.2582194805145264,40.098365783691406,12.55305004119873,44.032005310058594,12.4712495803833
1.6037885574795105,local_gaussian,-681.0570963507738,-1000.0,925.2277770345355,-155.29734596318747,85.7872244142316,-1000.0,-558.5143919375469,-85.02035316268956,0.4659321904182434,0.12654723227024078,10.594442367553711,2.6842968463897705,30.618724822998047,7.879543781280518,38.98810577392578,11.0853910446167
1.5917781891543643,local_gaussian,-597.5473582168602,-1000.0,296.9026275531569,-9.76920311177589,188.8122132591286,-667.0952639584511,-1000.0,-722.2318818445935,0.4363977015018463,0.1549004167318344,18.902172088623047,7.987910270690918,56.20014572143555,33.8027458190918,103.60581970214844,63.4171142578125
1.5785755131882646,local_gaussian,232.07238590275205,-840.1230866988564,662.7597367386273,-58.27472523659266,100.31014347353268,-848.8617011036647,17.13697560637212,-976.4652222500862,0.6369174718856812,0.11178792268037796,19.515653610229492,6.17850399017334,83.11351013183594,47.6908073425293,122.26606750488281,37.4156494140625
1.5714267669894226,local_gaussian,-1000.0,-635.6333073819817,1000.0,-31.373437798391407,-58.306061957561994,-987.3613402948432,38.95872312255291,-801.8367985506461,0.5391197204589844,0.06819362938404083,11.790446281433105,1.8182486295700073,31.678508758544922,6.791647434234619,33.85868453979492,5.896658420562744
1.5690295130681258,local_gaussian,-714.1529555756065,-854.2105814326868,806.1970941867662,339.5189478038435,248.91027726426188,-165.24301278018322,-12.756934910341506,-511.41290912954275,0.44630327820777893,0.12939408421516418,15.243029594421387,3.977268695831299,33.939109802246094,12.393301010131836,41.306480407714844,18.10057258605957
1.5672473343347006,local_gaussian,332.1564832539278,-904.8794515013893,740.0222058465313,-72.61922838551614,157.58169044180647,-876.9586373701596,-125.00223100471948,-1000.0,0.567810595035553,0.06795243173837662,18.767236709594727,3.4651241302490234,51.716819763183594,15.45383071899414,67.98200988769531,14.695542335510254
1.56690158929967,local_gaussian,-891.5480865144411,-1000.0,389.76004377462493,-144.0596803240891,85.69737723515125,-1000.0,-391.6722042437821,-732.6804967511375,0.5412287712097168,0.06550806015729904,9.869529724121094,2.0393831729888916,21.788888931274414,9.326735496520996,58.191444396972656,19.002059936523438
1.5625244245063787,local_gaussian,-816.9519554439585,-662.9479742687352,595.8079893148913,-123.71272986507824,70.57087601343436,-1000.0,-494.7588452695698,65.29679241608216,0.5522720217704773,0.06303607672452927,9.76463508605957,1.605233907699585,28.344440460205078,5.708498477935791,33.935951232910156,8.197271347045898
1.5594486408055248,local_gaussian,-955.8653290928805,-1000.0,980.786789219502,77.15294200381946,169.47796701095496,-617.4899097841597,-257.1032537515594,-147.8096875325641,0.5044811367988586,0.0722077414393425,8.084173202514648,1.577499270439148,15.679156303405762,2.8513996601104736,39.84288787841797,11.031818389892578
1.5591098254936706,local_gaussian,-987.4800227190699,-985.9990816431593,634.6168044191876,-30.027563675646345,123.55715891986776,-832.7413165192738,209.79005092923978,-235.8606550934915,0.5863369107246399,0.08664620667695999,7.753474235534668,0.9712355136871338,18.53911590576172,4.8703203201293945,35.203895568847656,6.5277934074401855
1.5581997250866513,local_gaussian,-823.2430111701558,-833.635101064732,981.4200357797192,20.354245643055105,91.57416291550832,-817.5512967249587,246.51932935636341,-341.362384502883,0.5142067670822144,0.11081961542367935,10.418830871582031,0.7769482731819153,26.32183265686035,5.416853904724121,28.408855438232422,4.830016613006592
1.5579992557326456,between_elites,-927.4425391864011,-997.589900582011,984.9287843546607,16.453022282709263,-134.9679374213185,-727.4982452485818,115.75068955660811,-260.3003480339378,0.5458235740661621,0.060371894389390945,9.304984092712402,1.2153156995773315,33.116355895996094,6.662914752960205,44.463050842285156,7.991808891296387
1.5563125970902452,local_gaussian,-930.702961148896,-1000.0,390.76892367601715,-92.94577541988386,-214.50908332996366,-1000.0,36.23665664744652,95.03189592143386,0.5352562069892883,0.10408023744821548,9.053813934326172,1.9380630254745483,25.192899703979492,5.726687431335449,32.65846633911133,4.588795185089111
1.5549474892062034,local_gaussian,-1000.0,-797.5064794559225,764.7809253958071,-43.429921106984466,92.7432220713012,-660.690301846189,-228.2323081225323,-291.62160661164205,0.5889228582382202,0.06829072535037994,9.121225357055664,1.2173693180084229,23.560842514038086,2.398343324661255,42.82225799560547,13.14710521697998
1.5534214256170897,local_gaussian,-985.9373778289782,-777.8667517972706,857.6884050072084,-200.87479291776128,-101.29408972681642,-945.4965589878135,347.7463829032526,-549.4969024929574,0.5700942277908325,0.060829486697912216,9.769131660461426,0.6487118601799011,21.766643524169922,3.5443925857543945,59.84331130981445,27.521976470947266
1.549235433417678,local_gaussian,-785.311208042368,-914.5713003791594,615.7912456928402,-74.33643112215033,-29.05029063200586,-715.9488711800036,-71.73487937422082,-491.6769707224695,0.546863853931427,0.055494584143161774,9.96343994140625,0.9094099998474121,22.852558135986328,3.160545825958252,41.1569938659668,10.996020317077637
1.545134682608228,local_gaussian,-756.0320093890851,-947.8337736467404,870.5899416114758,-167.26525193213251,-62.49834317266597,-879.2131534506295,492.88331099514363,165.68764705686544,0.5047949552536011,0.0640910416841507,16.566015243530273,3.3022682666778564,42.04594039916992,9.796455383300781,47.682796478271484,10.364269256591797
1.541877505961531,axis_scan,260.206,-800.0,748.198,-88.3776,152.559,-952.224,-94.4797,-1000.0,0.5693775415420532,0.054235123097896576,19.172269821166992,3.6644556522369385,50.915855407714844,12.829978942871094,123.9889144897461,37.61184310913086
1.5387068437836593,between_elites,-448.4991219416921,-1000.0,833.1946134007585,-21.330167258786503,-53.307203787234414,-814.96470285744,-159.50446803482987,-470.38257217873354,0.5035553574562073,0.06117711961269379,58.7147102355957,12.226682662963867,172.43089294433594,15.13820743560791,172.43089294433594,15.13820743560791
1.534960864376273,local_gaussian,242.37708187265184,-1000.0,752.186434767533,-150.76732034210866,23.93128317940537,-971.4510075791425,-164.40321924802845,-982.253029737713,0.5219219923019409,0.051357049494981766,19.909086227416992,4.208829402923584,74.55245971679688,26.46723747253418,113.30999755859375,18.328367233276367
1.5303497679725004,local_gaussian,265.019445801368,-1000.0,699.0263725362248,-68.65423300257211,76.50258324679528,-992.9684435075347,-122.02971093267999,-877.3451047231663,0.49284833669662476,0.06302553415298462,17.082263946533203,2.6907215118408203,43.246856689453125,8.309700965881348,54.14137649536133,8.949203491210938
1.5299201740735964,local_gaussian,-849.2147540724619,-712.851651314017,971.3830854348006,-203.39267992805972,-183.93671038705412,-1000.0,-524.2341063043468,-232.1152766651844,0.5627384781837463,0.04617458954453468,10.535097122192383,1.1913756132125854,28.998779296875,6.336505889892578,31.56490707397461,6.263876914978027
1.529844849461286,local_gaussian,-1000.0,-1000.0,534.2793171697998,-189.49967758499344,38.22188212824495,-1000.0,-456.4619156387825,-719.6584427890201,0.5079548954963684,0.054010193794965744,10.643537521362305,2.2955217361450195,25.69595718383789,7.315427780151367,50.99481964111328,16.94683837890625
1.5267938864831283,local_gaussian,-828.988696425348,-680.4560136843145,687.3545274332272,87.91866432671785,25.50404599446461,-766.9153144553324,-68.48474702703561,-384.8520713912105,0.5621094703674316,0.04432813823223114,12.919771194458008,0.7766485214233398,33.07159423828125,2.8325443267822266,54.503944396972656,11.075485229492188
1.524497998147262,axis_scan,260.206,-1000.0,548.198,-88.3776,152.559,-952.224,-94.4797,-1000.0,0.5044786334037781,0.052792035043239594,23.67804527282715,3.8374040126800537,76.31338500976562,17.626718521118164,123.0430908203125,25.770143508911133
1.5236158868295604,local_gaussian,-1000.0,-998.5420352692912,875.5335280602967,39.02527344352268,-120.78761344334785,-717.1822368994965,-198.01047618157924,-216.92127444382203,0.5757323503494263,0.0458812415599823,6.687481880187988,1.164438247680664,21.889694213867188,3.334791898727417,43.09363555908203,9.335381507873535
1.5235496141648417,local_gaussian,128.7448722228567,-933.4865157067079,604.2060036707597,-166.97151961483658,-95.59109118076441,-1000.0,78.48644596164583,-1000.0,0.45832234621047974,0.0900179073214531,32.98115921020508,8.980527877807617,97.33423614501953,45.31283187866211,104.118408203125,42.81593322753906
1.5231040109726446,local_gaussian,296.5627776849243,-999.3859762387359,806.1084830313642,-66.16448211551437,143.20446508068585,-989.2162014460141,-73.54100199351663,-982.656463147888,0.5110470652580261,0.04883580282330513,15.200589179992676,1.4786092042922974,30.763280868530273,3.5532755851745605,50.176734924316406,9.016225814819336
1.5202424686028526,between_elites,-523.956909448163,-1000.0,852.7189121333599,-56.44066203698454,-1.3854554920143656,-816.9867302522355,-31.581648283106194,-513.8028024514896,0.5787330865859985,0.04499611258506775,43.7093391418457,5.425220966339111,176.78616333007812,6.427685737609863,176.84613037109375,6.307733058929443
1.5188357657870304,between_elites,-444.21125681553633,-796.9874378090244,522.0222647460296,-13.08018489404032,-26.241373614165827,-826.2324647248712,132.1377718248014,-554.7142274101661,0.43901532888412476,0.11087051779031754,51.72193145751953,7.562111854553223,163.47164916992188,18.633031845092773,163.48858642578125,18.61949920654297
1.5177601999580332,local_gaussian,-1000.0,-1000.0,331.0818915259688,-116.1554660920131,56.06964610443379,-886.1312210430656,520.6749515779501,-134.0882964070976,0.5162229537963867,0.04374571144580841,9.6366605758667,1.5899025201797485,20.762948989868164,5.106628894805908,39.973751068115234,20.04120445251465
1.5169373689064996,local_gaussian,230.1718394734569,-1000.0,848.6541457376953,-58.949270285975636,35.02957480612933,-945.4949026164373,-170.50321222369962,-911.9793331907117,0.530689001083374,0.039144936949014664,18.471349716186523,3.551600694656372,55.8876953125,18.077720642089844,109.77384185791016,35.625125885009766
1.5165859218440367,axis_scan,260.206,-650.0,748.198,-88.3776,152.559,-952.224,-94.4797,-1000.0,0.48576194047927856,0.06047780439257622,23.371564865112305,6.733640193939209,64.17384338378906,23.386302947998047,135.37435913085938,38.16316223144531
1.5158194800867388,local_gaussian,263.29311779882767,-989.4880894626586,744.662884111539,-80.44844307976383,128.30894324889766,-945.8408869237461,-86.18592575577094,-1000.0,0.5563751459121704,0.03743329271674156,18.77547836303711,1.5366511344909668,49.43397903442383,4.335550308227539,103.0267562866211,9.260173797607422
1.5140872046517178,local_gaussian,-596.051280683977,-1000.0,-127.82889138970177,150.41095896214887,111.67647861285766,-546.9193966719863,-235.37584632722164,-521.0539267304199,0.6255877017974854,0.06734953075647354,11.875913619995117,3.524857759475708,35.535362243652344,21.46126365661621,39.07642364501953,21.312007904052734
1.5137088456815828,local_gaussian,269.1020690016226,-940.576979905831,839.9353949685815,-132.5168326622219,129.43385520352723,-1000.0,-24.16561873208515,-923.6390691288755,0.5827298164367676,0.04282199591398239,15.365640640258789,1.3284176588058472,33.62337875366211,4.901206970214844,68.12682342529297,12.168344497680664
1.5125496718424558,local_gaussian,-473.6780539031837,-965.3021930546973,941.3097696472387,117.83429872963713,54.08109495525265,-517.7730494286044,-103.25573547692636,-274.5364272297339,0.5002511143684387,0.04849262535572052,32.12487030029297,8.362595558166504,104.671630859375,44.657466888427734,104.978271484375,44.22990036010742
1.5113716808331834,local_gaussian,256.4210563354141,-982.3224627679232,749.4400826806933,-110.26748982779348,121.90223959345539,-961.673858906858,-83.43545039049877,-1000.0,0.5190699696540833,0.03917403146624565,22.067676544189453,2.723834753036499,65.45663452148438,8.816067695617676,88.60323333740234,3.5309836864471436
1.510187826962755,local_gaussian,310.0031934565633,-1000.0,821.1074526859309,-73.45317462441234,96.08977715805383,-997.1320981276958,-94.75538233151863,-1000.0,0.5894495844841003,0.04365837201476097,12.648082733154297,1.5568801164627075,26.792882919311523,4.443241596221924,42.676963806152344,7.868914604187012
1.5094308212209426,local_gaussian,-789.1391742736421,-1000.0,734.4417141482556,-93.69628898381025,22.20983724912756,-715.3214690281494,70.46213172988323,-218.37010817208264,0.5808534026145935,0.058039046823978424,9.738014221191406,1.00920832157135,22.70901107788086,2.854548215866089,35.752899169921875,8.497461318969727
1.5083683930634055,between_elites,-765.0315884907959,-1000.0,989.3430242182233,-27.775006672853706,-153.7154413940813,-743.7881791609378,36.70726750405097,-359.9989995798798,0.5228586792945862,0.03630285710096359,12.868673324584961,1.546804666519165,32.405296325683594,7.136075019836426,43.0036735534668,8.61195182800293
1.508239097384274,between_elites,-501.3683490763543,-863.5937686576267,613.3433030661652,-18.49793754152961,19.397248184596084,-825.2590912180997,-65.52316835432983,-538.8258161383052,0.5490319728851318,0.03274174779653549,49.1008415222168,3.2477638721466064,170.0293426513672,13.451265335083008,170.0293426513672,13.451265335083008
1.507378989167993,local_gaussian,-964.5800255663444,-1000.0,986.2796158533552,-35.40399473116256,79.72198463082874,-942.5632816399412,40.14828272685051,-349.85074367951734,0.5338277816772461,0.03327818214893341,10.05793285369873,0.5681335926055908,21.478717803955078,2.0791094303131104,35.435768127441406,16.42755126953125
1.507288374806213,local_gaussian,254.01135292861835,-983.21750331848,725.1196596935727,-75.80481089591963,101.68876948289835,-965.5792156253609,-134.39926983660078,-1000.0,0.5249835848808289,0.03510693833231926,19.37337875366211,1.8854900598526,54.787498474121094,7.256339073181152,105.04569244384766,24.111604690551758
1.5063330358898477,between_elites,-934.703037781559,-1000.0,829.6457970788211,-9.959167175719111,-128.7662393306051,-740.32139999478,102.05332583583933,-303.03561827230857,0.5637749433517456,0.03326067328453064,12.05341625213623,0.8425074219703674,39.97877883911133,4.502039432525635,69.23129272460938,9.902539253234863
1.5038196873966645,between_elites,-459.66564640331126,-931.873578830848,863.5860688084895,2.627011918623282,-117.7049283592946,-798.379259221515,-5.764741986269255,-568.7166500682131,0.4618796408176422,0.07520784437656403,47.519439697265625,11.897916793823242,160.31106567382812,21.786272048950195,160.31106567382812,21.786272048950195
1.5025295376370122,between_elites,248.6845551390664,-991.9686149219194,748.3331789406894,-92.25902001747227,132.04102458919033,-947.2116522852792,-103.74782764301527,-973.9140954099302,0.5099768042564392,0.03788655996322632,21.879535675048828,2.591733932495117,62.37835693359375,8.998250961303711,101.86114501953125,6.296297073364258
1.5022895897418036,local_gaussian,-1000.0,-1000.0,1000.0,-113.15257563772523,126.4940279818883,-928.0005042944113,-81.66909862116057,-868.3149003720566,0.5572472810745239,0.03001442924141884,9.422731399536133,0.8231697678565979,24.24477767944336,7.737565040588379,43.81562042236328,8.572345733642578
1.499358505495015,local_gaussian,-895.788921817705,-1000.0,907.7094521197619,-43.72576927630269,-158.17329260691352,-767.1797326217679,-45.58416963146709,-451.54735536162036,0.5361658334732056,0.04536791145801544,15.461764335632324,2.1704535484313965,35.101905822753906,5.761797904968262,71.76646423339844,5.590481758117676
1.4993247651892088,local_gaussian,287.8749356797036,-1000.0,715.9889587675917,-59.60901232929257,159.9710579435476,-941.7319445535423,-68.84321647521777,-972.6778048378598,0.5646080374717712,0.029528403654694557,16.83927345275879,0.5348337888717651,36.990684509277344,1.903892993927002,75.85845184326172,10.523033142089844
1.4978171795604545,local_gaussian,-716.1160574403275,-620.0936520314443,876.3937913363443,-167.6843714938804,-22.967763083218088,-1000.0,-147.20595642399826,-220.88000012688113,0.5194655060768127,0.031509771943092346,13.920347213745117,0.9013879299163818,41.02513885498047,4.057823181152344,56.82157516479492,10.555867195129395
1.4964376598881435,between_elites,-506.77049230336473,-1000.0,835.0606624933064,-33.703180072011776,8.323195691630099,-823.9678109634782,-35.22370353820362,-547.8311126623,0.5621503591537476,0.027470562607049942,43.54473114013672,3.6128761768341064,166.9083251953125,11.531097412109375,166.91943359375,11.523884773254395
1.4943188215728558,local_gaussian,-1000.0,-1000.0,622.2740247645859,-56.08128248350865,49.11783527582065,-642.2191763571902,120.53666306960412,-320.9577946175543,0.5455837249755859,0.10296466946601868,9.8862886428833,0.9636431932449341,20.695804595947266,4.152773857116699,25.15834617614746,4.907451629638672
1.4941545022176554,local_gaussian,280.04742456737455,-993.6718875448786,743.2102836970759,-114.73968571257946,164.91820205096798,-909.4537134402105,-113.3664068263213,-1000.0,0.5463408827781677,0.024896763265132904,17.478750228881836,0.6925913691520691,46.24745178222656,3.792915105819702,86.3682632446289,12.836627960205078
1.4920126487064964,local_gaussian,269.5463613075665,-1000.0,708.7125593506846,-41.855327414433425,153.56799479784672,-900.5575532500188,-213.90213269621955,-953.3829169525918,0.5311068892478943,0.025216801092028618,18.471223831176758,1.351690411567688,46.081695556640625,4.524543285369873,78.18541717529297,13.194217681884766
1.4917820322811401,between_elites,-470.8836999571936,-1000.0,858.8334645033813,-32.26519707785302,-0.10134917461574133,-843.3924249214809,-162.9905579159633,-538.3174519075088,0.5038579106330872,0.034945592284202576,53.19749069213867,8.12202262878418,173.72279357910156,9.707010269165039,173.72279357910156,9.707010269165039
1.4908054667977049,axis_scan,260.206,-1000.0,628.198,-88.3776,152.559,-952.224,-94.4797,-1000.0,0.4853232502937317,0.04649191349744797,23.950054168701172,3.132662057876587,72.1816177368164,12.975772857666016,114.982421875,15.01423454284668
1.4899018356546312,between_elites,-504.4445207889511,-1000.0,845.143743261086,-35.87866845520944,6.541031904193915,-825.5359965694581,-31.026372674976567,-518.7972784629309,0.5588153004646301,0.02332949824631214,44.072654724121094,3.6084041595458984,170.87669372558594,8.237913131713867,170.91421508789062,8.22203254699707
1.4896693431707364,between_elites,-516.9667657636627,-962.2064094082084,876.1783092569242,-41.46116160120214,-2.6641961856429326,-785.7812848119155,7.309352588922518,-522.8293187697703,0.5811545252799988,0.02887432463467121,44.48582077026367,4.497656345367432,176.60353088378906,6.79295015335083,176.64895629882812,6.702105522155762
1.4875352629169225,local_gaussian,-728.6552083122674,-882.7716012438582,1000.0,-211.84656675036672,-163.9201630589776,-983.0546421974078,-218.4125520187763,-201.40249172243873,0.5408138632774353,0.021445203572511673,10.868715286254883,1.3125405311584473,29.63298988342285,6.573450088500977,30.7990779876709,6.0920491218566895
1.4867236792921292,local_gaussian,255.43285443717522,-1000.0,740.0136594327283,-81.69422408721591,155.39379576796497,-909.469978876925,-76.50301259100557,-981.6184036632176,0.4929167628288269,0.03874269500374794,23.047624588012695,2.4167332649230957,65.83146667480469,8.518965721130371,107.95222473144531,8.01375675201416
1.4859491556241748,between_elites,-641.8727896654141,-1000.0,931.5441339373366,-58.350783134981505,-47.71769754607811,-711.4983471742217,-21.921052057290794,-532.6554640597823,0.6191297769546509,0.04715859517455101,15.86816692352295,2.1593823432922363,54.578590393066406,11.225801467895508,58.72978973388672,11.418014526367188
1.4846993178270558,local_gaussian,318.5764672287718,-975.2321137686325,743.3751826936907,-91.03498789631382,98.07073630456898,-932.7891978514419,-142.53357268872412,-948.0580961106931,0.5934625864028931,0.031364552676677704,17.527294158935547,2.920693874359131,53.16093826293945,14.450824737548828,68.56272888183594,13.578067779541016
1.4845459445652298,local_gaussian,-798.5988007745228,-1000.0,1000.0,-28.344147601678664,-135.46770801597242,-720.2385101272472,94.36688467493377,-301.1304960023864,0.4847998023033142,0.04341920092701912,12.282099723815918,1.4442073106765747,31.773334503173828,5.626954555511475,41.934356689453125,7.299482822418213
1.4843407004006872,between_elites,-511.24412908712156,-922.2386871783133,876.9911208731272,-94.23867894452188,-53.330465845005534,-925.9701606378464,-175.93984485830694,-358.4139617453553,0.6074565649032593,0.03875880315899849,33.293052673339844,4.992090225219727,132.7144775390625,24.74411964416504,134.35597229003906,24.41891098022461
1.4818291024470631,between_elites,-896.195455764307,-990.276538337856,903.8186001147752,19.455578789106887,-123.91049486339782,-711.5801234152487,10.997396781864317,-280.47297339576846,0.5508872866630554,0.025284577161073685,11.42658805847168,0.7937709093093872,41.48966598510742,5.797752380371094,58.8359375,5.935171604156494
1.4810823832141522,local_gaussian,241.17302943974371,-1000.0,741.8610196779639,-144.93414357363486,49.48098232172427,-972.2222991074676,-22.695030697028088,-1000.0,0.48684707283973694,0.0399315170943737,27.348735809326172,4.780468463897705,97.93939971923828,29.580514907836914,107.3796157836914,25.500446319580078
1.4805685062623837,local_gaussian,269.26882759897404,-1000.0,618.3358868543032,-111.06167262089737,160.83386454489352,-878.0257527857596,-102.89698079836302,-955.8792231322931,0.5751121640205383,0.02177293226122856,16.849346160888672,1.409165382385254,51.06218719482422,5.802487373352051,116.27757263183594,24.737668991088867
1.4795578895740285,between_elites,-597.6919242172702,-1000.0,791.8817294240846,-166.61965258171432,-156.79934025239854,-960.3502367433954,-212.2774104464809,-295.9322020294024,0.49522438645362854,0.033241141587495804,18.874841690063477,4.1198344230651855,60.27244186401367,16.49395179748535,65.42875671386719,16.313199996948242
1.4794796784699604,local_gaussian,279.3397804915817,-1000.0,793.2347244294812,-63.48386647552233,161.65911584015456,-954.4573678872316,-57.43540976821831,-913.554087288298,0.477853924036026,0.04630313068628311,18.795150756835938,1.134354829788208,40.89159393310547,2.2587718963623047,74.79356384277344,15.019561767578125
1.478618883413966,local_gaussian,132.04216215807585,-902.9351805890931,1000.0,-127.4939509653463,-71.80813339048112,-1000.0,62.228957947471244,-634.3229111485813,0.40672388672828674,0.1367187350988388,49.36592102050781,28.32015609741211,142.01321411132812,47.99418258666992,143.09996032714844,46.301292419433594
1.4777171820468131,local_gaussian,262.0948833038502,-999.8939410310772,734.6546213035358,-95.56127034616311,147.45435912369146,-941.4623979791817,-102.4428765361511,-1000.0,0.5053421854972839,0.026353023946285248,22.277130126953125,1.9840775728225708,63.318504333496094,6.192070484161377,97.334228515625,6.221328258514404
1.477615798264362,between_elites,-513.893347528045,-927.7509191751959,860.3050336787962,-83.29190043404725,-47.093810136241615,-931.0465944917232,-194.616209343459,-360.5267160011926,0.6061050295829773,0.034219518303871155,30.802631378173828,5.230128765106201,118.23228454589844,23.888118743896484,119.69972229003906,23.35695457458496
1.4773011071439535,local_gaussian,267.8507379335224,-974.2187269363319,738.8385207015407,-89.58421017131067,154.72451288866486,-981.2658471987272,-84.89585213289001,-973.6083199126366,0.5295683741569519,0.017352798953652382,17.896133422851562,1.1658209562301636,40.9633903503418,4.131590366363525,86.12406921386719,11.414839744567871
1.4770279689479349,local_gaussian,256.6241377290225,-1000.0,734.5390311922678,-104.69634385379042,139.9103420629176,-950.527194116507,-96.70811355443276,-988.1631995724258,0.5011731386184692,0.028228873386979103,22.635513305664062,2.436835289001465,65.5848388671875,7.54664421081543,94.44859313964844,7.536515235900879
1.4768530108226794,local_gaussian,261.5392353312679,-1000.0,748.101236034505,-83.85416188894233,145.42592132275652,-941.9622893894149,-109.40998153355596,-1000.0,0.5039743185043335,0.02658960036933422,22.014739990234375,1.8908023834228516,60.497406005859375,6.264627456665039,104.89631652832031,6.439267635345459
1.4757014325983258,local_gaussian,259.1479567999493,-994.925653226591,749.5012993114082,-72.85915711755763,145.93869483740377,-948.9725355227972,-98.37637318480657,-986.2562748657693,0.4977097511291504,0.029536891728639603,20.675630569458008,1.5634349584579468,52.04160690307617,5.11074161529541,104.20125579833984,8.16793441772461
1.4755789409807112,between_elites,-475.8353435682125,-1000.0,838.7351323102546,-16.239457075198896,22.90668164323341,-796.70199015062,0.6390488332008015,-578.8000660429653,0.5095828771591187,0.023094717413187027,50.38768005371094,5.191694736480713,164.0198516845703,17.535953521728516,164.05368041992188,17.555320739746094
1.4753406756185496,local_gaussian,257.85492717111845,-989.6133436153119,755.8960737016944,-78.67723128561819,134.53698466023252,-955.1162597390627,-81.8010055762393,-999.7238746503002,0.48550423979759216,0.037761203944683075,22.04694175720215,1.9685488939285278,58.2169075012207,6.534685134887695,109.30921936035156,11.017215728759766
1.4742552136761244,local_gaussian,-859.3432274207992,-496.3186398700113,507.85343383651076,-43.353043607971,-78.61177122115934,-762.5821235729177,77.39479010536914,-297.64860844106244,0.6239521503448486,0.04404059797525406,12.488446235656738,1.5661777257919312,33.877784729003906,6.104377269744873,35.596168518066406,7.098606586456299
1.4740609912904177,local_gaussian,-731.1764177239639,-1000.0,900.1578130335388,2.537751169301245,-110.33921939969352,-689.260047940485,16.26185339432133,-205.9229047429754,0.5616451501846313,0.031448934227228165,10.672707557678223,1.3204926252365112,24.940052032470703,4.053126811981201,50.20231246948242,7.342709541320801
1.4739692963396362,local_gaussian,-962.6417594679405,-996.7320260634004,992.2809027541675,4.983099810722036,-131.61422303553886,-721.6501783796155,106.57126578106593,-217.72975600583163,0.48906803131103516,0.05167342349886894,10.187891960144043,1.1503645181655884,35.2596549987793,3.672736406326294,49.439781188964844,7.598333358764648
1.473943344937278,local_gaussian,278.3357353092806,-984.9350087683506,757.2088742902524,-139.91697155783316,97.86646290114395,-897.0964825374954,-164.89195104065297,-1000.0,0.4973088204860687,0.028806788846850395,15.242164611816406,0.9298616051673889,48.742340087890625,4.596075057983398,98.12168884277344,15.338801383972168
1.4739036802133718,local_gaussian,254.91485540936168,-1000.0,739.7874363438127,-91.89128120395559,126.85888956792974,-945.2229590882922,-87.51091412121396,-1000.0,0.48136600852012634,0.040248092263936996,24.393346786499023,2.9112162590026855,74.27081298828125,10.5055513381958,105.43247985839844,4.996249675750732
1.473144769629084,local_gaussian,266.7070011268579,-1000.0,728.0805349434547,-80.45476494039075,146.5626561775178,-964.070344681425,-75.64337539476016,-1000.0,0.4941321909427643,0.03038952127099037,21.030818939208984,1.602380633354187,52.69573974609375,5.065911769866943,109.50701904296875,11.40810775756836
1.4715307736046839,local_gaussian,255.3304764390969,-998.0212267151828,745.5217155010621,-85.2950906559786,144.65164867298515,-950.5559294533766,-102.56598751701469,-982.7046827500086,0.4914483428001404,0.03130507469177246,22.172290802001953,2.108959913253784,59.61265182495117,7.1200270652771,106.10221862792969,6.982096195220947
1.4713826877002414,local_gaussian,-953.5928011395166,-1000.0,850.1378110519329,55.96605571817355,-117.98794045720001,-706.9579378431212,27.525552058499173,-238.28569271058078,0.5026177167892456,0.024284858256578445,7.754990577697754,0.9961764812469482,24.707677841186523,3.8165502548217773,45.0051155090332,8.706684112548828
1.4712851800798352,local_gaussian,258.5968717830939,-1000.0,733.5225435558486,-105.00318986661412,140.87933035262844,-953.4800297377308,-99.06690058540524,-993.7729041538598,0.49783092737197876,0.027009285986423492,22.814233779907227,2.403154134750366,66.15760803222656,7.56303596496582,93.63423156738281,6.949254512786865
1.471114480699185,local_gaussian,289.5448343814974,-979.1690261010095,807.6930343377734,-114.36738770034111,161.02352782555764,-989.4951083728091,-79.44700790195051,-1000.0,0.5368193984031677,0.023188890889286995,16.987958908081055,0.9202567338943481,37.591583251953125,5.285537242889404,75.59297943115234,6.313004970550537
1.4701675913683596,local_gaussian,413.3329049213312,-1000.0,951.5980226858037,152.87390082959703,91.74897849651123,-475.1109468746372,-503.02511150611195,-1000.0,0.4001213610172272,0.1430951952934265,28.17740249633789,15.14807415008545,82.9554672241211,51.240142822265625,94.03990173339844,48.604522705078125
1.4700268087392265,local_gaussian,261.15682858011695,-994.2850064074071,739.9569793416927,-83.81176782674214,147.7466998747094,-947.4201849257475,-88.08092530104705,-1000.0,0.4888930916786194,0.03228006139397621,22.503314971923828,1.8942177295684814,60.7396240234375,6.413629531860352,105.87935638427734,5.706130027770996
1.4698552371138651,between_elites,-1000.0,-1000.0,893.2628279074884,-25.821427101454155,-130.15479130497414,-746.242356881835,70.6501961485871,-293.18451660115227,0.5988534688949585,0.025849031284451485,10.850903511047363,1.0883511304855347,34.25331497192383,1.0080223083496094,74.03843688964844,17.137182235717773
1.4697296138910998,between_elites,279.4037014510745,-977.491887234536,739.6137139139852,-82.24892022180515,168.46233871225203,-964.2775352541449,-84.57897321852329,-1000.0,0.5241376161575317,0.014471454545855522,18.423748016357422,0.869126558303833,41.75285720825195,2.9892382621765137,89.37842559814453,9.919645309448242
1.4693141585845866,local_gaussian,266.8098064868936,-1000.0,740.1343987459951,-76.8943153205554,141.2837314676683,-941.60255047454,-96.59859563136001,-1000.0,0.5443485975265503,0.026973014697432518,19.239253997802734,1.321942687034607,49.475128173828125,3.5817763805389404,104.34549713134766,7.81973934173584
1.4687639485983053,between_elites,-514.3166710468868,-1000.0,853.135198831244,-35.14226582468518,3.807756902810972,-823.9003696108133,-4.704628637169584,-520.7550600147555,0.5819764733314514,0.01756630837917328,39.48580551147461,2.8773698806762695,156.15869140625,16.78278350830078,156.3983154296875,16.72800636291504
1.4683350547725391,local_gaussian,249.35155640431728,-1000.0,720.4787416809615,-83.82368090065249,95.5788100914142,-967.1365020561733,-127.88493574656947,-1000.0,0.48269978165626526,0.03607197105884552,23.653697967529297,3.20275616645813,73.09236145019531,12.522234916687012,122.01924896240234,25.019311904907227
1.4663506057048565,local_gaussian,259.8730316244258,-1000.0,744.30220637548,-83.46103894818404,142.57002966291634,-951.6591972932517,-109.5649608672276,-998.1562571874628,0.4923040270805359,0.02783946320414543,22.43625259399414,2.060824155807495,61.26295852661133,7.077273845672607,107.3076171875,8.641919136047363
1.466129912000555,local_gaussian,258.6186037023993,-1000.0,752.6268192323756,-87.47399412309913,136.7549680322422,-942.9709715822286,-86.74407647501002,-1000.0,0.4911108911037445,0.03337476775050163,23.11376190185547,2.230616569519043,65.76298522949219,7.527856349945068,104.19236755371094,4.269582748413086
1.4651888759353944,local_gaussian,261.8854964184499,-1000.0,753.8151824054131,-97.20800460468357,150.40800021921052,-927.4147053665221,-92.45491437585864,-1000.0,0.49694180488586426,0.02417074330151081,22.920475006103516,2.0000863075256348,65.85960388183594,5.870993137359619,96.02567291259766,6.726226329803467
1.465092165505205,local_gaussian,352.1104793009016,-959.391914798324,718.1506757189899,-108.48347775294634,114.10045195593348,-979.413278965998,-121.69848067107876,-991.3573056202799,0.4871903359889984,0.030791111290454865,21.54340934753418,2.00819993019104,60.2787971496582,12.092968940734863,64.73936462402344,11.64958667755127
1.4647823605678394,local_gaussian,256.2345753945633,-1000.0,753.5900817995412,-76.1880693102206,120.01529662742283,-961.681891027321,-87.65973060117298,-1000.0,0.4767892360687256,0.039064984768629074,22.24301528930664,2.1427419185638428,59.03306198120117,6.400753498077393,111.78010559082031,15.17253589630127
1.4643910906021196,between_elites,-525.2619091328415,-993.8725163671751,828.9528931382123,-20.898728018605404,-22.857677080423862,-806.4789773938951,-47.26783431660016,-530.8698487665154,0.6146825551986694,0.032205816358327866,38.83612823486328,4.861227035522461,167.386474609375,12.257784843444824,167.4186553955078,12.231832504272461
1.4640975419623898,local_gaussian,260.7010032659358,-995.5351912905978,746.8828952358606,-78.37992103190393,148.35380954825368,-942.9812029038058,-95.10055141542178,-1000.0,0.4859394133090973,0.031182119622826576,22.547679901123047,1.8879166841506958,60.402488708496094,6.430575847625732,108.6189956665039,7.4239935874938965
1.4638451574371276,between_elites,-519.1266754651124,-921.4441352926901,878.3071071049916,-94.29856645359511,-55.43420943395726,-925.7019033668064,-176.7721907813847,-351.858344588355,0.6234641075134277,0.0379083976149559,30.846242904663086,4.734572410583496,120.14317321777344,23.812103271484375,122.14952087402344,23.378543853759766
1.4637330883844326,local_gaussian,257.1372752006745,-1000.0,682.5625742910272,-137.56074635249945,112.52508838346237,-902.1215134005051,-99.26137775447447,-1000.0,0.511154055595398,0.015804670751094818,19.430631637573242,1.352062463760376,64.48820495605469,8.232298851013184,99.51615905761719,7.005998611450195
1.4626996971368114,local_gaussian,283.3460162447307,-1000.0,737.4669757382793,-73.94118498230795,179.7964523748245,-963.0593445560553,-94.37541541466476,-969.3707904951181,0.4874544143676758,0.029265301302075386,18.893035888671875,0.8576252460479736,41.33763885498047,3.1678106784820557,82.87662506103516,12.246133804321289
1.4625307447545293,local_gaussian,259.30359820368983,-1000.0,746.0718688530111,-88.90386734371023,145.0386036806062,-939.2899290003947,-97.6346557174248,-1000.0,0.4864130914211273,0.029952047392725945,23.44609832763672,2.1840462684631348,67.05675506591797,7.405608654022217,103.00030517578125,4.984860897064209
1.4619570531117358,local_gaussian,-682.8801654415768,-742.9123206000165,1000.0,130.91777180988723,233.6553043489859,-341.57254627866206,214.8736022732415,-256.5130713722793,0.43653497099876404,0.08259183168411255,11.38395881652832,1.359073281288147,24.573230743408203,5.3383002281188965,28.24440574645996,7.533534526824951
1.4611345410406409,between_elites,-615.6286301114288,-1000.0,912.8461947965553,25.254656318813076,-35.55208790455083,-879.411474863892,-104.45841116307373,-365.4235909672995,0.5431200265884399,0.010634474456310272,14.058512687683105,1.4459797143936157,43.79955291748047,5.73836088180542,45.30167770385742,6.110339164733887
1.460412550723858,local_gaussian,267.2123694466882,-980.8832718277052,741.1428274173006,-83.12762294013193,160.29799718432147,-954.3731716041177,-53.264984560438684,-1000.0,0.4880402982234955,0.027561509981751442,21.541194915771484,1.5361270904541016,53.29344940185547,5.235936164855957,110.9983901977539,10.302173614501953
1.4602781114587944,local_gaussian,260.36191089208137,-995.5782708515682,756.4329576738035,-79.36183309433699,144.90561134871942,-950.612053948149,-126.59629072283852,-1000.0,0.49351072311401367,0.023652853444218636,22.093669891357422,2.0033373832702637,59.484962463378906,7.392599105834961,107.0252914428711,11.726543426513672
1.460058143166205,local_gaussian,270.25008406938366,-980.9450159334962,734.7580461210929,-71.85664823839528,115.32616158324049,-927.3441604713042,-53.36127346122698,-1000.0,0.6390906572341919,0.04767756536602974,15.228950500488281,0.8425657153129578,39.0610466003418,2.819772481918335,101.60292053222656,11.629966735839844
1.4598721983637553,local_gaussian,259.24651486363166,-1000.0,780.1012364863756,-98.6735222850078,126.55126252329953,-972.0474864343295,-106.52254732535017,-999.4959251309605,0.4975772500038147,0.020824147388339043,22.64015769958496,2.551009178161621,62.9409294128418,8.782896995544434,99.6322021484375,8.503761291503906
1.4594889192239995,local_gaussian,261.766964920627,-1000.0,760.532030879709,-74.23478468020376,144.4339853079493,-950.2176841096796,-94.59341100637221,-997.2590191214191,0.4883401393890381,0.02682838775217533,21.50921058654785,1.5551471710205078,54.934783935546875,5.119351387023926,108.3958740234375,10.095975875854492
1.459324669416015,local_gaussian,-739.992427159508,-752.1594214392552,1000.0,151.27507285108365,259.1926380752268,-232.94185586705532,-446.3960316527566,-634.519738964689,0.45748892426490784,0.055261023342609406,13.469711303710938,1.9429105520248413,30.06962013244629,4.440548419952393,52.48120880126953,20.8328800201416
1.4592995561394504,local_gaussian,252.86760983400683,-1000.0,694.710224913105,-98.32665253892937,97.7554078763766,-897.6353512965321,2.167607588635491,-954.0838639363354,0.6309362649917603,0.04088535159826279,18.342552185058594,2.176527500152588,64.36650085449219,12.235912322998047,101.9747543334961,7.368206977844238
1.4589371567747025,local_gaussian,-1000.0,-908.6977726689056,902.5138896393266,-87.55326655105613,40.86903564059777,-713.8914498616314,-28.278621218654862,-157.39964712168253,0.6446585059165955,0.051600512117147446,8.805251121520996,1.525347352027893,20.843608856201172,5.980440139770508,36.26582717895508,6.162796974182129
1.4580443580299292,local_gaussian,261.8912993803441,-1000.0,721.4749948373138,-79.68125010015873,153.44268173600855,-942.7218052231215,-96.18213652297563,-1000.0,0.4799776077270508,0.032587915658950806,23.128320693969727,2.0268502235412598,62.969078063964844,7.034057140350342,110.09037017822266,7.038737773895264
1.4579463977719804,local_gaussian,-822.527043665786,-808.0842558355727,1000.0,-209.34400940800066,-185.89963658292675,-977.8539665024352,64.80341605968175,-263.09404760034016,0.5161162614822388,0.026578344404697418,10.568572998046875,1.514175295829773,25.05459213256836,4.797647476196289,28.404766082763672,6.563736915588379
1.457589324232389,local_gaussian,261.0102818504111,-1000.0,782.0986077891561,-69.61703593870855,129.48540536896803,-854.1549295289534,-110.51081870561504,-972.6920384917212,0.6252646446228027,0.035727400332689285,17.461917877197266,2.4038853645324707,56.607398986816406,13.950359344482422,105.63029479980469,13.938304901123047
1.4574456572686252,local_gaussian,256.1418396868561,-1000.0,749.2627481861009,-96.40422756947892,130.16563755529828,-956.4424004796044,-99.89688218000127,-1000.0,0.4812319874763489,0.031214751303195953,24.138072967529297,2.7436985969543457,71.37742614746094,9.740168571472168,101.65845489501953,5.756992816925049
1.4573396941847796,local_gaussian,-982.12931483123,-689.3822403314844,768.8118083263112,-165.83416113479842,-69.07806279220607,-914.1842167563474,-71.62552297303395,290.9881316025852,0.6773228645324707,0.11687680333852768,10.497461318969727,0.8686400055885315,26.351537704467773,4.635210037231445,33.27473449707031,6.2364115715026855
1.4570876980785314,local_gaussian,261.35513160444606,-1000.0,734.7365942916758,-99.04427275300208,139.4138187733612,-957.8091563123335,-94.77317930150362,-997.2318150112546,0.508832573890686,0.02757546491920948,21.828929901123047,2.0221540927886963,61.04951858520508,6.368936538696289,95.49064636230469,5.0487284660339355
1.4562936972375922,local_gaussian,318.1948238777108,-1000.0,688.8487731375376,-88.35244450763192,143.82505407537485,-1000.0,-228.46966149490493,-1000.0,0.451754093170166,0.06015544757246971,20.126577377319336,1.5381237268447876,51.12531280517578,8.146964073181152,57.828880310058594,7.157806396484375
1.4552252713975236,axis_scan,260.206,-1000.0,748.198,-88.3776,152.559,-927.224,-94.4797,-1000.0,0.48255085945129395,0.02890850603580475,23.68406105041504,2.1020286083221436,67.75386810302734,6.843648910522461,102.29945373535156,5.60480260848999
1.4542024390274524,local_gaussian,237.13216134366584,-697.7364216671463,704.4493187482099,-158.35178381518537,-16.916359805239154,-925.055123044464,-155.20697949333984,-995.1956394672418,0.664644181728363,0.06634053587913513,12.067376136779785,0.8244395852088928,41.30595397949219,6.458111763000488,103.3858413696289,44.05363464355469
1.4538127243361356,local_gaussian,-780.8426809117086,-742.439260871775,620.7507877242844,94.88979569943469,-75.3750458189642,-685.8932906313555,96.89361105359995,-424.4531466189474,0.48507827520370483,0.026129405945539474,11.306336402893066,1.366480827331543,34.45978546142578,9.716076850891113,36.13323211669922,8.888543128967285
1.4537893071623018,between_elites,-912.7229786134213,-1000.0,984.0892776421608,-120.89953965052403,30.083263202733818,-722.1553199121731,-3.846905323985588,-346.4036813888307,0.5071856379508972,0.05833322927355766,10.0494966506958,0.8270111680030823,20.15666389465332,1.6636872291564941,35.29310989379883,8.462377548217773
1.4530357160646297,between_elites,-832.421636315842,-1000.0,980.8368324327107,1.3066867985362567,-130.1281543298783,-722.5636301012781,-24.66237204289767,-179.11944248698984,0.5839869976043701,0.03459400311112404,11.487771987915039,0.6437483429908752,38.509071350097656,1.6553444862365723,54.825340270996094,9.464385032653809
1.4527282782578819,local_gaussian,260.8931341032979,-997.6799609471079,726.1161360179661,-83.97630715168962,144.27167198654251,-963.7070551621229,-102.91271490374879,-1000.0,0.47828608751296997,0.03106900118291378,22.756664276123047,2.1543819904327393,61.264129638671875,7.646030426025391,107.39753723144531,9.353618621826172
1.450767487175313,local_gaussian,-1000.0,-1000.0,921.045286955976,-26.109754782651407,111.9772869287486,-619.5016578685239,-102.02924316617865,-183.74114023451222,0.6182759404182434,0.07065095007419586,9.611095428466797,1.149713158607483,23.86355209350586,2.212315559387207,54.30034637451172,8.336357116699219
1.450417929818129,local_gaussian,-863.1217793451417,-799.9771368927647,938.2022048726723,-161.45861084401264,-21.398710721655902,-928.9443677718609,106.16244516830757,-503.4122618666201,0.6154056787490845,0.02491740882396698,8.30422592163086,0.974274754524231,20.390552520751953,3.4671337604522705,79.0570297241211,34.11014938354492
1.4503129412473057,local_gaussian,270.98330356780775,-1000.0,718.4272662700132,-70.03501270090433,177.21608099129202,-932.6606851695726,-80.84809147172689,-989.2806967391494,0.4823748469352722,0.026321325451135635,21.471982955932617,1.3990840911865234,51.468711853027344,4.710639476776123,111.05582427978516,11.824727058410645
1.4498402725040407,local_gaussian,-1000.0,-1000.0,457.6638474430789,-125.28861084533024,152.93070474832754,-1000.0,-473.01138000648257,181.6712267211522,0.4295336604118347,0.08559127151966095,9.883756637573242,2.071922540664673,24.41757583618164,7.654668807983398,30.82159996032715,9.503247261047363
1.4496099486229657,local_gaussian,-956.5398921931085,-615.1303409722916,1000.0,-41.101364463754926,-164.45708939810393,-1000.0,-266.97353557242855,166.54418947589303,0.495231956243515,0.058879073709249496,14.18262004852295,1.6641473770141602,35.63383483886719,5.745171070098877,51.920021057128906,4.498538017272949
1.4494095151674364,local_gaussian,253.92389165582148,-959.6404591935456,748.5972243865103,-106.2068991935273,160.26918395286518,-916.2494337200974,-103.14779860113599,-1000.0,0.4619649052619934,0.044889580458402634,25.237689971923828,2.8203399181365967,76.22561645507812,10.44497013092041,95.35481262207031,7.874748706817627
1.4491036590611799,local_gaussian,-732.1055813621604,-1000.0,791.1618493730327,162.22973817930443,21.992636177452837,-507.6744981972016,128.10320881016332,-410.83557623824095,0.7111119031906128,0.10704731196165085,10.252021789550781,2.497159242630005,28.66324806213379,11.16075325012207,29.623315811157227,10.871390342712402
1.4489415376847137,between_elites,-538.8894487302936,-867.3061375322558,614.7146525042989,-15.473046320531015,3.971248229271092,-807.9240889935476,-44.42351378260389,-513.3743455420173,0.6287891268730164,0.03351523354649544,38.88117218017578,3.7373013496398926,158.72055053710938,26.209280014038086,158.7987060546875,26.101255416870117
1.448864174317698,local_gaussian,272.00761446510165,-1000.0,744.8993258760628,-122.63206979554411,158.80249280494576,-943.5695023840308,-99.26737240025425,-1000.0,0.4956301748752594,0.015928706154227257,21.135845184326172,1.5207219123840332,58.553306579589844,4.273916244506836,79.86700439453125,8.85816478729248
1.4488631540728507,local_gaussian,-1000.0,-943.5151305160427,1000.0,-84.81722625909241,118.02358750918661,-903.9553931196332,-9.373724306131763,-256.0132282933345,0.44540348649024963,0.0637584999203682,8.285882949829102,0.8124390840530396,18.366411209106445,1.9203218221664429,53.18573760986328,12.426596641540527
1.4487809932397466,between_elites,-529.1636881620632,-992.7185889608908,842.6375742777493,-27.60202951843855,2.086629633897368,-816.709781556555,-43.428717872454655,-496.6328410327766,0.6102901697158813,0.020733250305056572,37.653682708740234,3.119398355484009,157.61572265625,14.405704498291016,157.70828247070312,14.372319221496582
1.4486287216038094,local_gaussian,271.03867553954666,-994.8507743017743,778.5424237204958,-141.4450605356363,137.1096365637091,-934.1626682008456,-116.8093165378923,-1000.0,0.49030885100364685,0.019378848373889923,20.826000213623047,1.434630036354065,63.099853515625,8.113052368164062,81.85795593261719,7.234987258911133
1.4485168151976684,local_gaussian,-25.34900711578348,-923.026058883751,996.4659424619383,38.106692575633474,-108.42003668981127,-672.4512318508828,-517.0354764134087,-515.9703710332899,0.36042386293411255,0.2044948935508728,35.013771057128906,9.523209571838379,105.6344985961914,34.49441909790039,152.8118896484375,31.136524200439453
1.448044400362537,local_gaussian,268.769238518965,-998.8849111661243,773.4346511982417,-83.95486906789537,142.98514165386806,-955.9976488762222,-99.60908138690493,-1000.0,0.538840651512146,0.016541805118322372,19.02821922302246,1.1138325929641724,47.137451171875,3.2276811599731445,100.0400390625,8.128375053405762
1.447875277189083,local_gaussian,265.3040351928575,-990.0293624333509,739.5676211865855,-79.505534686662,153.4019912996334,-943.3106654938855,-71.42765905030339,-978.7903843169523,0.54579097032547,0.027669323608279228,18.386932373046875,1.1339870691299438,44.17205810546875,3.799081325531006,101.75634765625,7.127593040466309
1.4467691600971433,between_elites,-581.8055313564137,-885.5273006394026,530.1867270711556,21.764476179949355,-42.40208825803202,-810.0624835998477,3.0235210680965707,-534.4169119719926,0.615897536277771,0.0232151597738266,23.952621459960938,2.843444585800171,96.91233825683594,12.14098834991455,97.76595306396484,12.23255443572998
1.4463666383584775,local_gaussian,-968.0869215504084,-779.3072067239248,544.4830225010271,-74.70293795417732,44.71694648664366,-729.8669893087198,-78.51419022522455,-355.78368914146466,0.6091302633285522,0.018676431849598885,10.466509819030762,1.0299237966537476,26.922100067138672,4.301905632019043,55.78394317626953,18.247901916503906
1.4449703709070914,between_elites,-1000.0,-1000.0,934.5461783059635,0.6345605444253142,-123.43463845662478,-726.9841045968283,113.2406185722113,-116.56590508043949,0.49585065245628357,0.03752773627638817,9.146074295043945,0.7557226419448853,29.10408592224121,1.7902520895004272,50.33222579956055,9.218087196350098
1.4444281212798014,local_gaussian,-945.3811896391165,-616.9016526791497,1000.0,53.31771644642339,-74.527559032181,-785.2664612156723,-647.4869053612333,90.94807944711931,0.40900611877441406,0.11398577690124512,14.858694076538086,1.6850059032440186,37.52039337158203,10.297956466674805,59.320457458496094,20.079254150390625
1.4437698757544108,local_gaussian,253.81523446096838,-995.147371241115,734.7281148564423,-109.38944656171546,136.4978163631442,-947.6444576216012,-112.21130176181941,-1000.0,0.4727444648742676,0.031042050570249557,25.55012321472168,3.365166664123535,80.64292907714844,12.195706367492676,98.71795654296875,8.849881172180176
1.4427099122835383,between_elites,-496.6068507114675,-1000.0,844.1500491087393,-36.416782657294746,8.037716504812032,-826.8345489756464,-31.6767694658909,-523.7296077679621,0.5431836843490601,0.02364952489733696,46.377418518066406,3.854702949523926,174.6412353515625,5.476248741149902,174.67559814453125,5.491799354553223
1.4416472779669194,between_elites,-463.7556641221411,-1000.0,846.2848758709122,-38.617479915243806,13.518270117531586,-832.2773638645082,-10.565164647962256,-552.0402730047008,0.4835329055786133,0.020580675452947617,53.751609802246094,4.4819254875183105,176.0807647705078,7.838464736938477,176.0807647705078,7.838464736938477
1.4413895995556718,axis_scan,260.206,-1000.0,748.198,-88.3776,152.559,-952.224,-214.47969999999998,-1000.0,0.491170734167099,0.014752659015357494,22.654130935668945,2.2895267009735107,64.37535858154297,9.651223182678223,116.4036636352539,22.46243667602539
1.440716520843038,local_gaussian,176.8613776403065,-937.5301273860863,690.0088305772701,-88.43683535824655,-57.25682488463258,-945.0684454290902,-235.0991295052982,-867.4724196081434,0.6714624166488647,0.0650642141699791,16.27665138244629,2.752373218536377,59.235565185546875,9.875267028808594,150.74624633789062,30.594541549682617
1.4403313013971557,local_gaussian,253.73755737487457,-997.4352575356006,747.4251572931272,-90.65519458448634,141.94493816449796,-946.6422868613733,-84.4707034312969,-990.2078079107489,0.4661676287651062,0.03549984097480774,24.47347640991211,2.50555157661438,69.9449691772461,8.92248821258545,104.99436950683594,5.168192386627197
1.4399972734700959,local_gaussian,-1000.0,-600.0422164183371,585.6481196283542,29.193979657487414,-47.16545944369315,-853.2072038244189,-254.1653539185137,-311.49213959984974,0.6702238917350769,0.06352715194225311,12.082589149475098,1.742771029472351,29.82241439819336,5.8698554039001465,46.361427307128906,8.692623138427734
1.4387480047138648,local_gaussian,251.5480636268366,-1000.0,740.3526185389342,-84.21128067311635,127.77571363620615,-914.7179225243784,-43.05993224257364,-1000.0,0.4496939778327942,0.05286489427089691,27.290786743164062,3.5433900356292725,90.7333755493164,16.30499839782715,115.8333511352539,8.899761199951172
1.43832744559018,local_gaussian,-874.2508924130433,-658.7767409591047,571.0659825135305,45.37485683204902,46.61229228069457,-832.7268507232652,-52.928427501414276,-377.6516063892585,0.6621799468994141,0.05530497059226036,12.476030349731445,0.6727758049964905,37.11711883544922,4.390682697296143,59.860137939453125,11.751715660095215
1.4381304282107368,local_gaussian,264.66613605407514,-1000.0,742.7175334593788,-80.92721888716108,154.3764904819834,-956.0596600995239,-93.4207264743385,-1000.0,0.4761154055595398,0.024852383881807327,22.479494094848633,1.6394572257995605,57.972412109375,5.631715774536133,108.03718566894531,7.75583028793335
1.437153510040144,axis_scan,-550.0,-1000.0,905.39,-8.63306,-70.2648,-760.0,40.0,-282.109,0.6374369859695435,0.03363212198019028,31.393463134765625,4.130288124084473,150.2791290283203,27.998409271240234,150.36972045898438,27.898941040039062
1.437134776369155,local_gaussian,280.21356672338607,-915.1084265440763,733.3682683882558,-42.513237162106805,164.34118002960992,-889.4389672166579,-49.02343033361117,-1000.0,0.6142646074295044,0.016790900379419327,16.028629302978516,0.6947688460350037,37.98682403564453,2.7981925010681152,109.60636901855469,39.94251251220703
1.436740456245175,local_gaussian,-806.4750444340871,-843.3828677952524,525.0123540298681,-83.23591717835869,-52.21895755630756,-759.6792809358288,22.227137111276875,-432.7106031762332,0.5257183313369751,0.04485071450471878,10.094507217407227,1.0580179691314697,24.967926025390625,3.343769073486328,35.27937698364258,6.733766555786133
1.4365621662002808,between_elites,-1000.0,-999.9999999999999,940.6783356955585,9.2689458107785,-120.28694524505059,-716.8472629603094,70.18960759986514,-120.948262807139,0.49189862608909607,0.028736742213368416,9.122392654418945,0.8384433388710022,29.03936767578125,2.234604835510254,51.02051544189453,9.047374725341797
1.4361871095949357,local_gaussian,254.81770502219962,-999.3525730363409,757.4340999386652,-93.52940083388526,143.99848636419347,-972.1972839857156,-122.97861277480479,-978.7695348093496,0.47792306542396545,0.02219199202954769,22.576740264892578,2.317913770675659,60.364288330078125,8.392817497253418,102.61556243896484,9.684730529785156
1.435971300382327,between_elites,-910.189334159467,-1000.0,920.863784851522,5.701070903264622,-140.38301290056202,-742.8473957814762,56.89145700056915,-308.6468072270762,0.5841585397720337,0.032207805663347244,11.335371971130371,0.7078753709793091,41.19153594970703,4.728947162628174,58.438438415527344,6.143616676330566
1.4352834716729634,local_gaussian,-1000.0,-901.5138768154768,841.6755900466732,-8.260003751037413,123.44727035125912,-568.6242108102389,-132.24117564588803,-375.1188980892608,0.6703783273696899,0.06105002015829086,9.813760757446289,0.8733865022659302,24.795625686645508,2.062274694442749,50.53216552734375,19.26573944091797
1.4352761368521016,local_gaussian,319.2646361704181,-958.7588155168803,772.7468339983371,-105.71598600751018,167.31495253101116,-924.1467701829539,-140.71354286346423,-1000.0,0.5332620739936829,0.03916250169277191,16.13324546813965,1.0049952268600464,38.33115768432617,4.572691917419434,58.410606384277344,5.6585693359375
1.4348269100837783,local_gaussian,261.5856321461265,-1000.0,748.2184064313086,-93.88075871368525,155.38494459277015,-934.2808141534138,-88.60768291460712,-994.7039432096992,0.4870002865791321,0.024572953581809998,22.846336364746094,1.7878702878952026,63.184486389160156,5.357266426086426,97.64982604980469,6.201153755187988
1.4348202382071336,local_gaussian,-768.9852339503735,-1000.0,973.7519485455459,-235.56491604193994,-83.72165991357774,-961.8031370927212,127.46472605375234,-561.9082355105903,0.43679818511009216,0.06716025620698929,10.746377944946289,0.5475002527236938,23.765077590942383,3.1991994380950928,37.03559494018555,15.552379608154297
1.434572655407615,local_gaussian,260.34112317172963,-994.628305315186,752.1244830939271,-85.1593474501656,149.54172374649917,-953.6974962144524,-93.79061350675742,-1000.0,0.4709201753139496,0.027645479887723923,23.421283721923828,1.9399219751358032,63.01415252685547,6.962620258331299,106.14652252197266,6.081765174865723
1.434125371826483,local_gaussian,-930.1561893895808,-579.4901696964329,587.1052310435936,94.46991088805753,48.068860878730696,-774.1467952142033,14.356069371104695,-434.3314338922231,0.47697076201438904,0.03217744827270508,14.889604568481445,1.4521404504776,35.22266387939453,4.599553108215332,56.0805778503418,6.956077575683594
1.43378556587825,local_gaussian,-1000.0,-847.3459714588517,983.6271994162933,-121.71973361740011,22.74672715115797,-869.1781641508214,-40.466262998493605,636.1140024935603,0.5215255618095398,0.07465982437133789,10.453824996948242,0.9940486550331116,27.79276466369629,4.063404560089111,32.6770133972168,4.805110454559326
1.433406029411942,between_elites,-524.8581683791898,-920.7124191947813,868.8037655444103,-85.35363615474562,-58.33943174615848,-935.4884954222798,-186.85793155341784,-339.3019309940995,0.6345763206481934,0.029299383983016014,27.073169708251953,5.24039363861084,98.81255340576172,24.79020118713379,101.1028060913086,23.832340240478516
1.432883560871862,local_gaussian,291.2611511663771,-1000.0,711.1003491432583,-122.93623971500557,180.01983537202256,-900.7210158337331,-138.82525657401675,-1000.0,0.4721542298793793,0.0255438182502985,18.13223648071289,0.5987845063209534,48.266353607177734,5.211942672729492,86.35888671875,13.794108390808105
1.4323251009635538,local_gaussian,257.930377954421,-1000.0,745.384854417457,-120.25577818367037,138.8342604664066,-948.6128485278062,-102.76510271487528,-1000.0,0.4747444987297058,0.02285323292016983,25.112239837646484,3.114192008972168,77.75424194335938,10.38813591003418,92.22932434082031,8.94192886352539
1.4323021206266966,axis_scan,260.206,-1000.0,748.198,-88.3776,152.559,-952.224,-154.47969999999998,-1000.0,0.48019346594810486,0.01810620166361332,23.4470157623291,2.2219109535217285,66.01419830322266,9.226144790649414,106.6883773803711,11.34717082977295
1.4310441391884912,local_gaussian,-953.0463151398568,-701.4980225520943,510.7919223851556,-89.81818474872104,29.042105352449248,-814.2364354659778,14.388728268917717,-335.4014739535892,0.6472240686416626,0.03824740648269653,9.08753490447998,0.48421934247016907,23.98758316040039,3.436969518661499,66.92974853515625,19.323528289794922
1.4306179020872047,local_gaussian,306.51586688625287,-985.2178704237873,770.5047359468829,-124.21372805630483,156.16822697736268,-916.3835565164687,-39.79974009695315,-1000.0,0.5627338290214539,0.024405211210250854,14.749757766723633,1.267580509185791,36.139549255371094,4.8558197021484375,69.99095153808594,5.923224925994873
1.4287451820366914,local_gaussian,259.05128679406977,-1000.0,748.631489877288,-74.32872157468913,145.2321054678428,-960.8026640697709,-97.06542909754252,-990.1959206328695,0.4664030969142914,0.028825949877500534,22.094213485717773,1.7468010187149048,56.23162078857422,6.144042491912842,105.37739562988281,8.626323699951172
1.428290572236247,local_gaussian,-703.0523773367142,-703.6597848634719,624.1428123169229,-65.6408616934306,-96.1106447637516,-767.3810308396352,122.75684010870032,-164.2657028768757,0.4817047715187073,0.038847994059324265,10.2508544921875,1.6119357347488403,26.939708709716797,5.309432506561279,31.791034698486328,5.656344890594482
1.4277316722162392,local_gaussian,-919.8827672972516,-1000.0,1000.0,-86.23375899726987,68.88342778194628,-836.7350990399541,34.81735360788827,-335.3435764423427,0.6396077275276184,0.030134206637740135,6.062739849090576,0.36641862988471985,13.763872146606445,1.089961051940918,46.00238037109375,23.802045822143555
1.4276275009685058,local_gaussian,-732.2940947726732,-602.7094942041447,920.0175150777497,-15.424812247708887,-55.533838289932135,-886.2663395970321,-10.25873000214305,-340.96736389410427,0.692923367023468,0.07789695262908936,16.626789093017578,2.1140825748443604,61.47919845581055,21.361040115356445,71.81253051757812,18.213895797729492
1.4272631461188974,local_gaussian,-840.028185199165,-765.9717769397546,769.1385269413167,-103.46770636032505,45.494264398886045,-779.8469679702491,-267.85981450688257,-460.21680200151445,0.42698946595191956,0.07671260088682175,12.43324089050293,2.3164656162261963,33.91809844970703,6.9894256591796875,74.9992446899414,20.754945755004883
1.4270336238349537,local_gaussian,264.9877310093699,-1000.0,771.2193553539573,-71.6873008816562,150.47851622488955,-955.6218917808183,-80.24088089852756,-998.359082545784,0.4743502736091614,0.020270420238375664,21.27478790283203,1.048645257949829,51.94252395629883,3.939359426498413,105.0290298461914,8.106362342834473
1.426453006453511,local_gaussian,288.63447014845565,-1000.0,713.6698970313724,-92.8145878878964,190.61479841055112,-971.0633777749449,-67.58127581670051,-972.9255523381395,0.46345311403274536,0.030572425574064255,20.048349380493164,0.8345843553543091,43.98174285888672,4.394816875457764,94.03559112548828,10.291379928588867
1.4262722364171205,local_gaussian,-690.3644131592166,-774.1960384577458,713.8949774300072,-141.66823621418723,-244.81363476030316,-1000.0,-117.03851060203064,208.054844996063,0.397832453250885,0.1226334422826767,13.271571159362793,2.0528066158294678,35.73194122314453,7.68345308303833,44.47367477416992,7.919751167297363
1.4224295398119977,local_gaussian,259.78767992334423,-1000.0,760.5891918624374,-78.07763365429463,150.20244999922895,-943.780035685502,-88.65846120026066,-1000.0,0.46352893114089966,0.028258228674530983,23.797510147094727,1.9054780006408691,63.68220901489258,6.747252941131592,111.73704528808594,7.647849082946777
1.4223230731881693,between_elites,269.700621254721,-960.0084323473407,737.6834121318172,-147.24180748168777,145.17386541604756,-929.5643484985029,-120.95188237470224,-1000.0,0.46276921033859253,0.028993215411901474,19.30552101135254,0.8486485481262207,57.30460739135742,7.225542068481445,78.10350036621094,6.231508731842041
1.42169415777525,local_gaussian,265.44988031085325,-998.69360938718,743.3683897971449,-105.0725251432904,152.67971743852004,-945.5581807390172,-103.08820105346531,-992.210499994932,0.5222250819206238,0.017921479418873787,20.449535369873047,1.4848134517669678,55.09696578979492,3.519137144088745,87.93241119384766,7.315557479858398
1.421346375054355,between_elites,-535.9662403567587,-988.0276265483856,859.668355727959,-28.40561327037241,1.9974167209756786,-816.4418581383654,-16.13428845753304,-503.0869382415099,0.6258991956710815,0.016053492203354836,34.59514617919922,2.197636127471924,141.31881713867188,20.148649215698242,141.56361389160156,20.00550079345703
1.4206265703908239,local_gaussian,264.2240425881167,-1000.0,743.1585371779107,-79.5995442861538,158.44394845357843,-957.6800840591266,-103.54759627235669,-995.9217088293435,0.4684719443321228,0.022261066362261772,22.585086822509766,1.6373066902160645,57.703033447265625,5.933352470397949,106.7162857055664,7.832000732421875
1.4203873459644127,axis_scan,-550.0,-1000.0,895.294,-8.72085,-68.9944,-760.0,1.79818,-269.87,0.6445661783218384,0.03010737895965576,31.548736572265625,4.343173980712891,151.1958465576172,24.110042572021484,151.2989501953125,24.010900497436523
1.4201451522784856,local_gaussian,262.83256406758215,-1000.0,738.8184911201993,-93.09177265391858,149.81076870564166,-972.7107900782798,-87.99687099866007,-985.950553411478,0.49072790145874023,0.024377064779400826,21.351152420043945,1.6270382404327393,54.080970764160156,5.283845901489258,102.00672912597656,5.830904006958008
1.4194885962891763,axis_scan,260.206,-975.0,748.198,-88.3776,152.559,-952.224,-94.4797,-1000.0,0.4899218678474426,0.03057805821299553,22.320816040039062,1.7847623825073242,59.71075439453125,6.555898666381836,99.62774658203125,4.305618762969971
1.4191379353997824,local_gaussian,264.7038324527554,-980.2416792207143,701.0589249417487,-138.84169579453498,159.0583530360723,-958.2332111660975,-48.45276227711868,-980.8613225033796,0.4567488133907318,0.033762212842702866,22.110973358154297,1.924683690071106,60.83784103393555,5.793779373168945,79.51394653320312,11.288780212402344
1.4182187845982874,local_gaussian,290.69489318189625,-1000.0,710.0844730628226,-79.17818069622038,190.25791468774756,-962.6776530101946,-54.619953522459966,-1000.0,0.46616697311401367,0.023215770721435547,21.05076026916504,1.3638832569122314,46.48432159423828,4.524507522583008,106.41678619384766,19.08094596862793
1.4178925900590706,local_gaussian,-913.4059513069851,-937.6101377295433,1000.0,-28.86627425189821,34.25463093051846,-509.65351611476626,-139.60071982413524,-781.2948237222456,0.423225075006485,0.1203739196062088,12.265172958374023,0.761570930480957,21.695369720458984,2.2863874435424805,32.322906494140625,7.607804298400879
1.4175233353795218,local_gaussian,255.47839560224733,-1000.0,758.3481211614231,-86.40568939045525,135.16049235929245,-958.3683089171925,-95.57798739629453,-1000.0,0.45787930488586426,0.03160439059138298,24.86029052734375,2.664414882659912,70.0172119140625,9.509880065917969,110.21617126464844,8.346585273742676
1.4166291504547233,local_gaussian,309.66383911902756,-846.7457654655952,848.8147904167209,-69.21924030939854,143.56390169688052,-998.5999212154828,-100.53808196092854,-989.0415778853531,0.4391511380672455,0.05390919744968414,18.333202362060547,2.8043766021728516,37.63474655151367,7.517151832580566,50.147727966308594,7.630959987640381
1.416313870069184,local_gaussian,261.44598381795237,-989.0918843232266,732.2061684239343,-93.31158856921391,153.94400620932734,-949.3509576390529,-107.19625862065804,-1000.0,0.4905819296836853,0.026829475536942482,22.61806297302246,1.8726909160614014,62.5568962097168,6.664327144622803,97.23454284667969,4.262369155883789
1.4156492160291094,local_gaussian,257.9212182027875,-1000.0,754.147069612352,-84.82972823931686,138.54287612608448,-975.2856259752265,-94.29460813316477,-993.7747696865434,0.45771104097366333,0.030749913305044174,23.239917755126953,2.302963972091675,61.153160095214844,8.350137710571289,107.5541000366211,10.627553939819336
1.4150841565838215,local_gaussian,266.27761034933786,-1000.0,776.5237944120166,-62.956183586035486,173.1623781792925,-910.398767422355,-64.31174815083776,-1000.0,0.4648008942604065,0.022863540798425674,22.780248641967773,1.3807086944580078,56.732032775878906,5.433156490325928,116.49044036865234,13.109308242797852
1.4145605513153061,local_gaussian,256.42457389460407,-989.3351102687845,741.1931390649224,-97.35941261567572,163.35929240462679,-931.5334561482966,-102.67074215389192,-987.4585811227969,0.45943617820739746,0.028246955946087837,24.302682876586914,2.2014176845550537,68.63877868652344,7.22300386428833,96.92364501953125,8.064037322998047
1.4141885723467857,local_gaussian,264.43300441456364,-1000.0,747.9906643176816,-118.26990137088885,152.85206548383155,-949.7991330340574,-90.32032297566214,-1000.0,0.4686756134033203,0.018484976142644882,23.891307830810547,2.2319064140319824,69.1098403930664,6.255092144012451,85.90425872802734,7.441844463348389
1.4138831109451198,local_gaussian,251.28222671953114,-967.2274591445736,805.0986877616684,-102.64426735056053,128.98573527153266,-974.5622581727475,-80.31418966048241,-1000.0,0.4589349329471588,0.02841845154762268,25.494102478027344,3.000225782394409,72.79822540283203,12.358122825622559,98.92799377441406,6.515364646911621
1.4135821698142743,local_gaussian,258.2104331332638,-1000.0,751.6575407884902,-70.80896748515286,145.69585717053153,-940.6241439889714,-60.34468268538397,-1000.0,0.4520893692970276,0.036031611263751984,24.03607940673828,1.9011777639389038,63.196937561035156,6.688235282897949,121.1820068359375,12.159036636352539
1.4127239069913498,between_elites,-536.4833573702721,-1000.0,903.7304065218301,-14.430263288639349,-42.22939548707078,-788.1489498164465,9.89886901224176,-492.5279323252186,0.6469793319702148,0.027863819152116776,32.444915771484375,2.80424165725708,139.61441040039062,19.123159408569336,139.7081756591797,19.047380447387695
1.4124581772113032,between_elites,257.45454312955826,-1000.0,764.8690873736952,-98.60549595823592,148.65176266953242,-938.8665356843552,-100.3387985766924,-997.0640849782735,0.4630805552005768,0.023186424747109413,24.98530387878418,2.361856698989868,72.84727478027344,7.7658915519714355,97.88378143310547,5.95728063583374
1.4123173643620668,between_elites,-462.38722593654654,-1000.0,851.4134470392227,-17.64788907566072,27.05153073092918,-830.101784712877,-36.215520827337805,-575.3432036677531,0.4695809781551361,0.01656508818268776,52.3358039855957,6.907346248626709,155.94491577148438,22.1259822845459,156.16693115234375,22.142980575561523
1.4109953649856262,local_gaussian,230.13317876887817,-769.1089834298688,837.1635946238173,-59.96632215696723,80.06332380524321,-1000.0,-170.17065207981557,-925.2430263494077,0.41730737686157227,0.08221941441297531,21.119647979736328,4.827012538909912,55.59025192260742,18.96759796142578,71.9689712524414,16.265668869018555
1.4109366060795414,between_elites,267.131998402207,-1000.0,741.1149808962039,-107.25000758802844,148.19863809477079,-943.9346554016618,-81.77612543450435,-991.1999891803864,0.5433515310287476,0.01874970644712448,19.44753074645996,1.3653068542480469,51.83100128173828,2.9326562881469727,86.68717193603516,7.552633285522461
1.4108398827177537,local_gaussian,-960.1815614901442,-971.5788413387565,951.7405419465191,-79.14524088969077,69.7682687938733,-699.5770814693891,-221.4907113700632,-205.9638682975447,0.5664650201797485,0.04722749441862106,9.590624809265137,0.4184689521789551,24.475488662719727,2.610339403152466,53.1662483215332,6.975734233856201
1.4104001801421666,local_gaussian,295.0389374551653,-1000.0,733.1685473176987,-47.82122899444447,69.53725358287878,-1000.0,22.23340355813791,-1000.0,0.4496031403541565,0.037225574254989624,16.80190658569336,1.7601996660232544,34.010032653808594,6.041770935058594,65.06993865966797,15.012219429016113
1.4102922520772774,local_gaussian,-885.1817869775772,-958.2266662405387,956.3120579326842,12.585526473526974,-141.80320994349916,-743.6912420111973,128.93571820569628,-303.49316778657,0.605787992477417,0.04840858653187752,7.535759925842285,1.075685977935791,25.015926361083984,5.118897914886475,34.7449836730957,5.122838973999023
1.4098908811763593,local_gaussian,259.69035394055663,-996.0163268370459,750.0947847541203,-97.79853081912874,149.27251159773277,-955.8424086805105,-95.53944202072958,-1000.0,0.46405982971191406,0.024202847853302956,24.388065338134766,2.104686737060547,68.82695007324219,7.3982110023498535,97.57293701171875,4.448350429534912
1.4092574121870334,local_gaussian,253.4058212200254,-1000.0,745.9767626313529,-58.75159579895486,127.2878400288832,-936.3515338377298,-63.756785228005725,-1000.0,0.44547590613365173,0.041664544492959976,23.511280059814453,1.669033408164978,61.02500534057617,4.70670223236084,118.97769927978516,13.440498352050781
1.4083946316700242,local_gaussian,-671.4092019872253,-953.5190703629215,884.2501153846185,30.55123262675214,115.52146020954025,-785.8855156690778,42.54093634234265,-189.2247301608166,0.43891477584838867,0.04964763671159744,14.767977714538574,3.2695374488830566,37.8216552734375,7.769694805145264,38.734901428222656,7.39860725402832
1.4077411594175806,local_gaussian,263.7466201520796,-996.4446068987953,748.3837655466933,-74.12539748837361,161.54304846957754,-944.7428784611843,-80.551870757904,-1000.0,0.45765796303749084,0.026415511965751648,23.365528106689453,1.6202328205108643,59.65046310424805,5.8195343017578125,113.02311706542969,9.22818374633789
1.4075858882151655,local_gaussian,264.5976172963449,-996.1914551525791,792.2601068940571,-80.46015133664937,122.34774605771308,-943.3266304466641,-120.07930284771764,-972.2283508342052,0.6314415335655212,0.012539633549749851,15.0001859664917,1.0024983882904053,36.48619842529297,2.5297281742095947,96.74082946777344,14.961838722229004
1.4069146043572036,axis_scan,260.206,-1000.0,748.198,-88.3776,-197.441,-952.224,-94.4797,-1000.0,0.39386188983917236,0.11878836154937744,23.431215286254883,4.500847816467285,71.12335205078125,23.318580627441406,96.70169067382812,29.80719757080078
1.4063883088613516,between_elites,-478.7664487852522,-941.3463770963442,849.781377999334,-18.20374580516747,20.85083329025726,-866.5885149294294,15.202279242549487,-591.6991591248188,0.4435838758945465,0.04246141016483307,46.422706604003906,5.712426662445068,139.109619140625,11.962821960449219,139.95230102539062,12.833195686340332
1.4063328823510532,local_gaussian,259.7724870899451,-996.6775650498565,756.2192623248837,-87.45416586532103,147.39291208449654,-935.7605618544578,-92.59455799405245,-1000.0,0.48806124925613403,0.029415080323815346,23.140209197998047,2.0060133934020996,65.04234313964844,6.693914413452148,101.80097198486328,3.960965633392334
1.4059259242349034,local_gaussian,250.19220470820807,-998.1575159477474,774.0876276070701,-109.30024372182353,105.84702547967814,-971.3861216639351,-61.444839331714014,-1000.0,0.44555339217185974,0.03971666842699051,27.261260986328125,3.818263053894043,84.49710845947266,14.584329605102539,101.85238647460938,8.290823936462402
1.4058608147980232,local_gaussian,281.69537763897415,-998.9517295558454,685.6436010682878,-108.56850430179598,188.153366236681,-940.5147773189117,-87.78573306495778,-1000.0,0.4641664922237396,0.01839233562350273,21.151790618896484,1.4027682542800903,53.60906219482422,2.54740571975708,85.84540557861328,11.943564414978027
1.4054452035035079,between_elites,-451.7301644080612,-1000.0,844.6555855974127,-39.4440296339743,15.8278319911904,-834.269759746825,-11.959042626441551,-559.4811912685614,0.46157941222190857,0.020874328911304474,57.090126037597656,4.985631942749023,175.63754272460938,8.306427955627441,175.63754272460938,8.306427955627441
1.4038660162057899,local_gaussian,-939.2862679763109,-877.1456556890787,1000.0,-39.26732080565101,11.8056879594794,-1000.0,240.65564350853816,-171.73600280780744,0.566576361656189,0.0843205526471138,9.855935096740723,1.55394446849823,22.037113189697266,3.991973400115967,25.540071487426758,4.1080002784729
1.4038156372657369,local_gaussian,266.8872139739313,-1000.0,759.3702190068149,-113.86703555785759,148.34450863489874,-947.5367389164405,-92.64160168630497,-1000.0,0.5061168670654297,0.01613919995725155,21.6424560546875,1.7349165678024292,60.28447341918945,4.458272457122803,83.61004638671875,6.2720441818237305
1.402941196179062,between_elites,-538.1938716272233,-1000.0,876.7058574212533,-35.45969344862992,-13.437673344102237,-819.944372999561,-1.9370177379986657,-526.8593421020328,0.6403382420539856,0.0169514250010252,32.271484375,2.3573505878448486,135.00030517578125,21.146804809570312,135.2067413330078,21.001317977905273
1.4027512625295526,between_elites,-537.959950074247,-919.5457622117618,881.451310627313,-94.44165193003235,-60.460552295517836,-925.0609730621649,-178.76086279007538,-336.1954189004239,0.6622242331504822,0.035580094903707504,25.371952056884766,4.098525047302246,92.16206359863281,21.01860809326172,95.38911437988281,20.21551513671875
1.4006956393743049,local_gaussian,262.86939728497873,-1000.0,745.6556003651419,-82.26665128665267,155.7429482577801,-944.9308987281127,-95.96814577513237,-991.7115606464507,0.49388235807418823,0.02531220205128193,21.67404556274414,1.542604684829712,56.04094314575195,4.98853874206543,105.39717864990234,5.553317070007324
1.4004703975925825,local_gaussian,236.57162833382262,-1000.0,727.1561516051903,-171.128165610131,65.46326342115623,-1000.0,-71.93843348294577,-989.3617507629931,0.4406079351902008,0.04301552101969719,26.785663604736328,3.6430017948150635,92.0079116821289,23.472272872924805,96.80979919433594,20.135047912597656
1.3996734296625337,local_gaussian,-466.57093382856465,-1000.0,1000.0,-18.975633819086013,-199.19493606965506,-1000.0,-29.396121861805,-407.89563124953156,0.4098343253135681,0.08777714520692825,33.31679916381836,11.485602378845215,127.8295669555664,42.431575775146484,128.16165161132812,42.05924606323242
1.399522864925179,local_gaussian,-624.0631205970822,-1000.0,1000.0,-231.3507035227883,-8.546597091664864,-1000.0,196.862918545683,-304.9411292123209,0.402251660823822,0.10023491084575653,18.043315887451172,4.436779975891113,57.934776306152344,27.415437698364258,67.3922348022461,24.99305534362793
1.3985069949731486,local_gaussian,258.44431527729546,-987.2661871553522,769.758289364243,-89.30607013597445,157.0570541344504,-915.3990159134419,-75.38785644667615,-1000.0,0.4714120328426361,0.030589593574404716,24.23379135131836,2.002647638320923,69.47377014160156,6.773257732391357,98.98162841796875,4.203586578369141
1.3983883149577263,axis_scan,-900.0,-1000.0,945.045,-9.45424,126.1299,-760.0,-165.252,-206.276,0.6767960786819458,0.046483419835567474,6.2244672775268555,0.21223625540733337,13.430524826049805,1.4757252931594849,64.77513122558594,11.227200508117676
1.3979378108021916,local_gaussian,273.0442604928,-1000.0,743.9970866375853,-89.9541128066838,153.7019083378958,-1000.0,-118.71921912881614,-1000.0,0.4658593237400055,0.01225944235920906,20.931989669799805,1.6475101709365845,51.818756103515625,6.560100555419922,87.52963256835938,5.77543830871582
1.397735887045637,local_gaussian,264.65020766097615,-1000.0,743.7894527007426,-89.90421398314803,160.1064568355217,-969.6014430677878,-93.03139709379164,-993.3034505281579,0.45758605003356934,0.02093696780502796,23.210758209228516,1.6346548795700073,59.412330627441406,5.968575954437256,104.9775390625,6.12542200088501
1.396601525986872,local_gaussian,260.1335431498329,-997.0283209963611,743.7244119235007,-99.25368704555727,152.0904977905496,-960.473809077857,-99.15601728235166,-1000.0,0.4552573561668396,0.022928567603230476,24.820938110351562,2.162522315979004,70.1488265991211,7.904280185699463,97.71453857421875,4.962215900421143
1.3965104080036694,between_elites,285.915508563173,-967.5952406549513,732.9348858757903,-59.98042338977752,163.24958450406734,-941.8058560374476,-88.84239409093074,-1000.0,0.5713688731193542,0.016614262014627457,16.042896270751953,0.6434624791145325,35.078182220458984,2.3836350440979004,69.65644073486328,8.081804275512695
1.396485417268611,local_gaussian,253.4331149762845,-1000.0,753.7589225060927,-94.03048001298696,151.5764490233629,-947.7925893489385,-105.46082289209873,-984.9867389664757,0.4523444175720215,0.026233652606606483,25.049692153930664,2.410224676132202,71.0482406616211,8.611981391906738,102.8810806274414,6.698686122894287
1.3950852740905184,local_gaussian,255.96817031317514,-1000.0,738.432066544078,-90.32688276319888,146.12934681232736,-942.5421649816251,-73.47687723114973,-1000.0,0.4439074397087097,0.035770218819379807,26.240795135498047,2.609292984008789,76.98324584960938,9.650776863098145,107.5835189819336,5.522934913635254
1.3950666445713948,local_gaussian,272.10345592481224,-1000.0,759.5322225787033,-79.70840649518354,169.01101543981312,-961.3060683874867,-94.64274724230214,-1000.0,0.4633401036262512,0.013253348879516125,21.958972930908203,1.0228790044784546,53.0747184753418,4.173698425292969,103.70442199707031,7.993159770965576
1.3948999636432262,local_gaussian,262.35751132259674,-1000.0,756.3710625847588,-68.18777577814355,157.6770862148771,-950.4660024730855,-108.58092874454266,-994.3910122161418,0.456834614276886,0.020200448110699654,22.41936683654785,1.468001365661621,56.3426399230957,6.003283977508545,102.88533782958984,6.951239585876465
1.3946675431878686,local_gaussian,-795.0256209379734,-1000.0,930.0484424077033,-65.58555368396284,91.04805382554484,-679.3009954555318,-78.18016157850411,-257.06087862042165,0.519645094871521,0.049122363328933716,11.140044212341309,0.6120936274528503,32.867225646972656,2.1280555725097656,55.44776153564453,6.903750896453857
1.3943953937330642,local_gaussian,-1000.0,-1000.0,1000.0,5.824769538009216,-178.9781102739072,-780.6755614755983,-142.42356586296677,-382.28675205905495,0.4606260359287262,0.040429264307022095,9.723847389221191,0.8523534536361694,28.388385772705078,3.0546984672546387,49.55616760253906,7.843384742736816
1.3942020977112743,local_gaussian,222.60329249824773,-745.6683481323344,575.9121601198262,-210.83824723675562,-45.48416963066106,-1000.0,16.864153311225508,-872.6838331619853,0.3671629726886749,0.16114911437034607,16.36990737915039,6.651215553283691,42.385154724121094,15.383597373962402,81.42167663574219,20.042802810668945
1.3935729105352224,local_gaussian,301.12581373401076,-982.6207736258526,780.9592759453332,-82.86354343831495,176.3119135910417,-957.8976780082138,-98.39803310042784,-990.5107572344178,0.5367028713226318,0.027768637984991074,16.65180206298828,0.6266692876815796,35.53645706176758,3.0661771297454834,67.02842712402344,6.706113338470459
1.3932169734190238,local_gaussian,-906.814721689412,-992.3761956292346,281.25993849959156,234.1811708902966,96.14920334554273,-493.9781253998649,418.8936866121484,-363.16040925328696,0.5224569439888,0.15190580487251282,10.482481956481934,1.598379373550415,30.191675186157227,2.028611898422241,36.5601692199707,2.9053781032562256
1.3930451164341677,local_gaussian,277.722127702966,-945.7049769025587,778.9975831142405,-88.11860332449928,169.19088798421978,-992.4081903760904,-71.15891722123996,-1000.0,0.46732789278030396,0.008067701943218708,20.129716873168945,1.3295776844024658,45.31170654296875,3.7858362197875977,85.99214172363281,18.87785530090332
1.392884152523976,local_gaussian,272.6479646464853,-979.6621343236892,791.082084112324,-61.58416576534911,173.98325735306787,-956.4776599027919,-50.30623169346793,-931.893354892511,0.4474014639854431,0.03017682582139969,19.513805389404297,1.1256998777389526,41.421974182128906,2.1575706005096436,80.07062530517578,23.34683609008789
1.3928093253921439,between_elites,268.5482288504126,-992.6366233625425,757.2336382568476,-73.35146517534383,171.55425327496945,-946.3698757609716,-86.5260782525531,-1000.0,0.45723214745521545,0.018594292923808098,22.621990203857422,1.2135205268859863,55.24247360229492,4.659390449523926,107.9164810180664,9.543464660644531
1.3921904970311751,local_gaussian,257.03728340632523,-1000.0,743.8160519668729,-76.30071473035864,143.19948773459322,-963.9722723679059,-97.79776592146754,-995.3618002708107,0.44515734910964966,0.03258262574672699,23.86214256286621,2.2143938541412354,63.226951599121094,8.318395614624023,109.84843444824219,10.321608543395996
1.3919004016772114,local_gaussian,266.3483597851076,-1000.0,752.9521840227409,-84.01584272432247,146.7759122641698,-946.8674115356633,-105.00455846648518,-1000.0,0.5279925465583801,0.02132037654519081,20.13394546508789,1.3665859699249268,52.23369216918945,3.9908697605133057,101.45992279052734,6.019534111022949
1.3917892057113541,local_gaussian,262.8842517358594,-1000.0,753.3925474749469,-85.98565983014345,157.89588543053478,-951.1668921811025,-103.00109450516108,-996.5378239117966,0.4716397225856781,0.021378451958298683,23.049997329711914,1.6277657747268677,60.7288932800293,5.8093366622924805,104.48065185546875,5.397616863250732
1.391675052690323,local_gaussian,264.11396402364204,-986.4433956235606,763.3937167620886,-74.98996448140737,168.40956208070065,-944.4732130337445,-103.34405106535176,-1000.0,0.45459651947021484,0.020947329699993134,23.299015045166016,1.4655824899673462,59.066200256347656,6.187700271606445,105.89900207519531,7.557146072387695
1.3915931124999819,local_gaussian,-1000.0,-642.3260246058093,1000.0,-201.37778209220198,-42.39742102968182,-934.3978954960248,-111.3926337157947,553.0027351745485,0.39186447858810425,0.11379934847354889,16.173343658447266,2.808361768722534,41.125267028808594,13.78606128692627,47.76474380493164,14.644928932189941
1.391586938608203,local_gaussian,-889.6365663188265,-755.9774202247127,1000.0,-185.54134944840646,-83.99271734459687,-1000.0,-914.4751540884204,-775.0838885745601,0.6979299783706665,0.06262092292308807,9.555912971496582,1.4226062297821045,23.174821853637695,4.935201644897461,34.80408477783203,7.936429023742676
1.391422506977582,local_gaussian,-1000.0,-741.9698841479735,1000.0,-69.02339081230274,35.970888382380636,-679.7118722029486,87.51125235979923,-484.57612368831656,0.6751676797866821,0.09601760655641556,8.042649269104004,1.3638569116592407,19.042953491210938,3.7015554904937744,29.46140480041504,6.625212669372559
1.3899848783603255,between_elites,-556.2595857075318,-1000.0,886.724090323417,-32.837284445342995,-6.784743915071367,-816.9512288308761,-144.28391353739696,-441.43683919051875,0.6649590730667114,0.030948545783758163,30.05145835876465,3.424612045288086,128.98098754882812,12.079983711242676,129.051025390625,12.096187591552734
1.3890117258697023,local_gaussian,-659.0670470337765,-1000.0,799.0444283324663,-113.64216584634633,-194.18837245788137,-987.786137931919,111.45595470454639,-551.1946492317968,0.7295888662338257,0.09082205593585968,12.3972806930542,1.6533677577972412,43.11286163330078,6.761895656585693,51.29083251953125,7.808672904968262
1.3880141361607725,local_gaussian,-759.8598615390911,-896.9841702261906,693.3091878834946,6.155609380324526,-6.559769829760938,-968.345592786429,-374.24654118430556,-322.22933394633355,0.5170725584030151,0.05844049155712128,10.643193244934082,1.854508399963379,25.75130271911621,3.985522508621216,30.451862335205078,4.5495829582214355
1.3878296206083705,local_gaussian,-734.8160337432287,-1000.0,1000.0,-73.7582871593365,68.5616140510413,-744.7048728288233,-109.66296222295725,-180.62205540475168,0.5330764055252075,0.0494455024600029,10.518503189086914,0.8585233092308044,31.427967071533203,2.981375217437744,46.41913604736328,5.836438179016113
1.3877713497166961,local_gaussian,253.91355272544067,-1000.0,748.6362385260819,-96.53859904652813,142.5804260764794,-942.8385456979125,-98.33533008794059,-1000.0,0.44488969445228577,0.03046426549553871,26.81448745727539,2.9638538360595703,81.84261322021484,10.6970796585083,104.74766540527344,6.603739261627197
1.3868045832100229,local_gaussian,266.5871276853563,-1000.0,744.2143503549555,-89.49940563003433,153.88840700225933,-966.8511473067408,-99.10048272196224,-997.6142335542982,0.4890333116054535,0.01956162601709366,21.618528366088867,1.4534156322479248,55.15202713012695,4.880746364593506,101.61967468261719,5.705111026763916
1.3861665399173175,local_gaussian,259.79701587583173,-1000.0,751.9950268542532,-83.07259636111223,148.15135227539997,-965.3322836818955,-79.62386206105366,-998.2158466500352,0.44509607553482056,0.029312996193766594,24.34976577758789,2.063896656036377,64.08010864257812,7.611804485321045,112.71369934082031,9.373575210571289
1.3844483144516977,local_gaussian,247.61717867883772,-984.5851527095745,737.6347953568846,-88.99805905365292,138.1106817252401,-962.1652878091373,-80.73184382650743,-989.1390515176,0.43162471055984497,0.046301476657390594,26.4290771484375,3.352780342102051,76.0545883178711,13.236082077026367,111.94422912597656,8.840493202209473
1.3840357899729714,local_gaussian,-698.3371239845106,-1000.0,1000.0,14.492205437143195,-82.6092263555929,-636.2217830831734,371.2038679830522,-254.13765050548275,0.405498206615448,0.08619927614927292,17.881935119628906,4.35504674911499,56.10981369018555,13.437355995178223,59.43080520629883,11.33983325958252
1.3837622968155048,between_elites,-553.113838320811,-1000.0,839.1035811505445,-35.435650635771374,-19.074134303279195,-824.6653167205441,-39.032061566469395,-490.7932534484942,0.6639973521232605,0.02662372961640358,29.921428680419922,3.266620397567749,128.58966064453125,14.398661613464355,128.81564331054688,14.220412254333496
1.3832161905811593,local_gaussian,296.64349245072344,-994.2116875001277,758.1348287776381,-83.62298128312551,189.8010454104401,-968.0265614492491,-12.894803276934667,-1000.0,0.45460301637649536,0.01624050736427307,20.983057022094727,1.3807439804077148,45.146827697753906,4.44733190536499,109.87760925292969,30.824068069458008
1.382276743437539,local_gaussian,255.16357020220397,-990.2180300455627,744.6972752455667,-85.6446404439973,158.9172682296636,-927.6671783584233,-97.05325586522575,-1000.0,0.4397389888763428,0.03404831513762474,26.4290828704834,2.533416271209717,77.34569549560547,9.64782428741455,107.0528335571289,5.264864921569824
1.381923974850113,local_gaussian,-990.7717415089531,-731.5678348678098,1000.0,-212.04308925477474,-118.77987686474549,-1000.0,-4.682227945720427,-514.3285696736727,0.6777461171150208,0.038221120834350586,8.74832534790039,1.217490792274475,19.103260040283203,4.635121822357178,50.32927322387695,23.246103286743164
1.3817266200711298,between_elites,-440.2803808899431,-989.9851807493778,873.3224160376485,-13.766908691510785,24.534371984493607,-717.461864273209,-109.22567440024596,-478.0262205638048,0.4514448642730713,0.019094960764050484,72.4461441040039,11.165397644042969,176.14146423339844,7.71705961227417,176.14146423339844,7.71705961227417
1.3812767783617517,local_gaussian,255.0202721863318,-1000.0,778.3755836817174,-50.91532129817836,126.69459597127971,-937.218372662676,-51.774071937813275,-1000.0,0.4460786283016205,0.02536665089428425,21.7294921875,0.7244031429290771,51.95525360107422,1.8842328786849976,109.36363220214844,14.324272155761719
1.3812750715749997,local_gaussian,-687.8937460819903,-908.8394682440269,540.4323594377099,-23.067709031551022,9.454408307830839,-681.4300910879613,37.234624690163685,-435.34893139706026,0.6876327991485596,0.04714104160666466,11.847052574157715,0.7308304905891418,34.36969757080078,4.142761707305908,52.19403076171875,12.088839530944824
1.3801399986775431,local_gaussian,264.9920297282406,-981.9511266326834,753.7089213339664,-75.23360288130118,149.87524574610234,-960.0764861732162,-102.07258868288629,-998.963472563209,0.5002526044845581,0.023118039593100548,20.041763305664062,1.2178404331207275,49.3509635925293,4.472516059875488,93.73492431640625,5.545925617218018
1.379175127027862,between_elites,-862.1906913104577,-905.8016503608868,962.4885399236704,110.28858365941156,-0.6388797471461558,-694.9184169657669,-17.173879607037854,-368.4311138176188,0.5768612623214722,0.015851296484470367,10.789522171020508,0.7221542596817017,33.253273010253906,5.189206123352051,33.887168884277344,5.0329718589782715
1.3788010804517428,local_gaussian,-649.1453672084591,-963.1453227446359,1000.0,-32.867354215018025,10.065065334518977,-986.9795179716873,-335.6461752870448,-66.38056378466867,0.5201027989387512,0.03765280172228813,11.755428314208984,1.6844202280044556,29.348495483398438,4.440290927886963,33.2802619934082,4.693140029907227
1.3776468879502393,local_gaussian,256.5846886940999,-1000.0,737.4274769905539,-81.58540044621978,154.62805894286214,-932.9373787239306,-74.61068771379287,-1000.0,0.43615442514419556,0.03626824915409088,26.47675132751465,2.523153066635132,76.01908874511719,9.549744606018066,113.2406005859375,6.004199028015137
1.3774598074255069,local_gaussian,-772.7894088900171,-1000.0,592.1870334765144,-3.7578148977622057,119.226921804975,-678.2206146966139,-92.18187908675833,-287.14665596566584,0.6775262355804443,0.03553616628050804,8.731399536132812,0.5231555700302124,25.306718826293945,3.6453263759613037,49.49699020385742,9.276941299438477
1.3755634576885185,local_gaussian,267.35740886390124,-1000.0,750.2701565242842,-83.72313111360873,157.84181568034865,-952.906297360878,-105.7979184096902,-1000.0,0.49408942461013794,0.018724873661994934,21.456356048583984,1.3207004070281982,54.680580139160156,4.460301399230957,102.76896667480469,5.7694172859191895
1.3752389359752986,local_gaussian,275.3090755427316,-1000.0,773.2664282280242,-71.723829353055,142.75155644380897,-888.1992468358196,-66.69143113716255,-956.7083641435856,0.6522488594055176,0.011522813700139523,14.885879516601562,1.0079549551010132,37.46220779418945,2.9468588829040527,88.14189910888672,9.24867057800293
1.374276002351646,local_gaussian,271.91588866591616,-966.1703921727217,745.2219613235573,-74.0031758826552,162.8401943314345,-935.4156940615264,-122.16970175417352,-978.3444966794642,0.5797699689865112,0.021112635731697083,16.322917938232422,0.793769359588623,37.371788024902344,3.08656907081604,78.84782409667969,6.896403789520264
1.373600570025162,between_elites,-461.98729552794947,-1000.0,839.3896622691268,-20.019598050373272,31.064865751718788,-847.2599546417865,-49.998568224737824,-563.8876079060192,0.4534788131713867,0.012195782735943794,51.67816162109375,8.113188743591309,152.5132293701172,24.377891540527344,152.79336547851562,24.34002685546875
1.3733220979615932,local_gaussian,-922.9754104875733,-909.8907680788129,955.0488060749055,99.29421728846756,-50.58120522093925,-726.443293771984,-45.07895139509168,-313.0625965613353,0.5299433469772339,0.01860956661403179,10.779287338256836,0.4742816388607025,33.80292892456055,5.044302940368652,35.32332229614258,4.661508560180664
1.3732234933864622,local_gaussian,-874.9491749380529,-589.0736675768694,469.54683514687133,-103.74145125808845,-126.50891169222902,-873.0196549266875,181.2901065105994,-207.21701531238404,0.49920278787612915,0.016137156635522842,11.665657043457031,1.3932241201400757,29.674922943115234,4.946694374084473,30.995716094970703,5.222294330596924
1.3730048001800321,local_gaussian,-745.4018918161626,-865.7645811898121,657.4038345580741,-82.52302001365472,-140.2757697818831,-832.3791022706312,77.56491990165503,-33.104871887053946,0.5770285129547119,0.041164904832839966,8.243330001831055,0.9217802286148071,21.62466049194336,5.129817008972168,28.0321044921875,4.070169448852539
1.372370524240949,local_gaussian,-877.4838704356289,-929.9925006571332,772.5708428216884,-126.96364815930609,9.989004576925055,-758.7635456095732,29.293168281717755,-258.19111840276094,0.4559191167354584,0.04203978180885315,9.630627632141113,0.6646597981452942,21.07509422302246,2.574073076248169,30.00165367126465,7.922300815582275
1.3716804716269053,local_gaussian,368.81840855353954,-797.0899670497645,945.9801758052523,-23.238664681212995,102.86551461055711,-904.4728137999465,-122.38319224400465,-1000.0,0.396216481924057,0.09510132670402527,24.102649688720703,5.598823547363281,59.852745056152344,22.369935989379883,81.89157104492188,30.97527313232422
1.3713165919287928,local_gaussian,240.46163847938098,-998.8281553096239,700.6088526611709,-86.85637296384012,140.17607844453104,-968.0852244907499,-95.36899265703612,-961.9532846718158,0.4216020703315735,0.053608838468790054,26.593303680419922,4.1547393798828125,76.52828216552734,16.45279884338379,119.72257232666016,14.067460060119629
1.3709655876168703,local_gaussian,279.9705916936778,-1000.0,751.5717156724693,-88.66973285369774,167.32808923709584,-977.2233351307395,-95.51373626751409,-992.0918081402621,0.5059086084365845,0.012365437112748623,18.93029022216797,0.6617709398269653,43.14451217651367,2.8832836151123047,91.10628509521484,7.262162208557129
