number,value,datetime_start,datetime_complete,duration,params_V10,params_V11,params_V12,params_V15,params_V18,params_V3,params_V6,params_V9,system_attrs_cma:generation,system_attrs_cma:optimizer:0,system_attrs_cma:optimizer:1,system_attrs_cma:optimizer:2,system_attrs_fixed_params,state
0,78.12279999999981,2026-07-01 11:45:08.392239,2026-07-01 11:46:25.034740,0 days 00:01:16.642501,-71.53180403086287,53.40745492959394,-882.0267614810996,-55.294003003531884,-846.6261651198996,279.3830445316597,-355.8444494312975,820.6691442231258,,,,,"{'V3': 279.3830445316597, 'V6': -355.8444494312975, 'V9': 820.6691442231258, 'V10': -71.53180403086287, 'V11': 53.40745492959394, 'V12': -882.0267614810996, 'V15': -55.294003003531884, 'V18': -846.6261651198996}",COMPLETE
1,57.286399999999844,2026-07-01 11:46:25.332018,2026-07-01 11:47:20.240611,0 days 00:00:54.908593,-60.201227370444514,23.40279606636548,-968.8010959327595,-141.28745817477008,-826.764770845013,277.4908023769473,-305.4214262949092,882.9984854528512,,,,,,COMPLETE
2,23.297499999999992,2026-07-01 11:47:20.499958,2026-07-01 11:48:11.451394,0 days 00:00:50.951436,-4.513522175700842,124.86639612006326,-957.5321778643448,-122.7262549189349,-963.3190980293132,282.0223002348642,-332.112016442435,705.1461235739506,,,,,,COMPLETE
3,67.58179999999994,2026-07-01 11:48:11.709943,2026-07-01 11:49:07.075439,0 days 00:00:55.365496,-106.31562897029372,91.77793420835692,-972.1012278695916,-106.17830271971728,-926.7276313412617,276.08484485919075,-352.27679252045385,807.986254660529,,,,,,COMPLETE
4,52.40749999999994,2026-07-01 11:49:07.354476,2026-07-01 11:50:01.184620,0 days 00:00:53.830144,-72.86483423795826,88.86218532930637,-990.7099174560004,-58.86827221478424,-965.8951752625417,279.1213996843407,-323.6306442467685,749.9184455395899,,,,,,COMPLETE
5,28.516099999999923,2026-07-01 11:50:01.448426,2026-07-01 11:50:51.142498,0 days 00:00:49.694072,-28.740397782530835,45.6920653760056,-980.4655771987232,-47.36504602317646,-911.9695012520797,271.3010318597056,-305.6225909021333,941.4080082686398,,,,,,COMPLETE
6,80.37449999999984,2026-07-01 11:50:51.408901,2026-07-01 11:51:44.846166,0 days 00:00:53.437265,-13.601939688182682,38.816997240002536,-867.4955431292036,-103.24333858658835,-895.9863957644378,272.4407646968956,-355.53053988776026,708.5971302788046,,,,,,COMPLETE
7,41.99829999999993,2026-07-01 11:51:45.116361,2026-07-01 11:52:37.477895,0 days 00:00:52.361534,-33.73007649583282,140.92484123462836,-821.0345299144702,-60.315003178337236,-815.6251529953767,280.9342055868656,-389.66600989219205,942.3961569411397,,,,,,COMPLETE
8,57.29469999999993,2026-07-01 11:52:37.724763,2026-07-01 11:53:28.519106,0 days 00:00:50.794343,-101.20045038551035,58.3015934534223,-945.7301936452208,-25.6893736272106,-928.6493346612822,271.7698500410384,-388.441885133894,711.3068222276345,,,,,,COMPLETE
9,93.38459999999971,2026-07-01 11:53:28.813987,2026-07-01 11:54:20.645788,0 days 00:00:51.831801,-29.670452886894054,11.182596551965624,-802.6226126798965,-34.16328460550139,-960.2568636931655,275.6186901937476,-350.30343085259267,735.2310562436907,,,,,,COMPLETE
10,78.38289999999992,2026-07-01 11:54:20.934827,2026-07-01 11:55:54.148537,0 days 00:01:33.213710,-68.99976523194724,74.02807416027042,-920.1036181538171,-84.68669669195545,-875.4876023304568,280.6461840080051,-351.6529213593841,844.3715842686729,0.0,,,,,COMPLETE
11,61.192499999999896,2026-07-01 11:55:54.535550,2026-07-01 11:57:19.910598,0 days 00:01:25.375048,-79.87083358026949,52.19089071202067,-905.0676510153221,-102.53974858325142,-884.3794390547189,277.30613141320146,-341.63786706101644,852.4769476538727,0.0,,,,,COMPLETE
12,73.10359999999983,2026-07-01 11:57:20.171019,2026-07-01 11:58:13.885677,0 days 00:00:53.714658,-71.05251628197038,58.22545893264907,-866.4762743979695,-33.53812682654939,-840.7189661252063,280.8389656912568,-354.51753918263375,865.7570080884293,0.0,,,,,COMPLETE
13,67.95269999999981,2026-07-01 11:58:14.319707,2026-07-01 11:59:12.540902,0 days 00:00:58.221195,-86.56006484417387,58.28169202474992,-896.2594764190352,-121.44426441429825,-880.732620974763,277.0688101361162,-316.4153930786191,826.8577006833725,0.0,,,,,COMPLETE
14,51.23949999999994,2026-07-01 11:59:12.771318,2026-07-01 12:00:05.651405,0 days 00:00:52.880087,-70.77424244107934,75.56844128042007,-947.4862636698546,-65.17342842866275,-898.3788709400001,276.04165199643313,-337.4583144674164,828.8653051662038,0.0,,,,,COMPLETE
15,65.74369999999995,2026-07-01 12:00:05.895205,2026-07-01 12:00:57.198310,0 days 00:00:51.303105,-90.55048089051269,73.65724995810855,-960.2082755617133,-87.10918599565603,-900.0627979463936,282.24692285473446,-356.8212255058308,809.2711869732109,0.0,,,,,COMPLETE
16,43.69499999999993,2026-07-01 12:00:57.552393,2026-07-01 12:01:52.980277,0 days 00:00:55.427884,-129.96123259464113,69.85511590954852,-934.1023389165674,-49.15672415035644,-893.0089548576973,281.4860140096893,-346.22326843507875,817.8651466112861,0.0,,,,,COMPLETE
17,111.2537999999999,2026-07-01 12:01:53.226807,2026-07-01 12:02:45.344204,0 days 00:00:52.117397,-96.97675991680858,69.78530917491908,-896.5689924631042,-86.92356277694762,-937.4340932172056,284.5595621532378,-357.37302847108003,860.6114713942022,0.0,,,,,COMPLETE
18,57.720299999999924,2026-07-01 12:02:45.634884,2026-07-01 12:03:35.717080,0 days 00:00:50.082196,-54.20040974686529,87.19639386027151,-876.2716875615697,-60.79451940997404,-833.6456718823208,280.6880436213222,-350.06599016126535,821.9987107497681,0.0,,,,,COMPLETE
19,69.37309999999997,2026-07-01 12:03:35.921559,2026-07-01 12:04:30.906654,0 days 00:00:54.985095,-81.35116122524381,95.69963657199676,-876.4815057811355,-54.22769532347337,-872.1071218077652,278.2243589805519,-343.0007074933873,913.154105827459,0.0,,,,,COMPLETE
20,58.355799999999874,2026-07-01 12:04:31.184291,2026-07-01 12:05:26.246362,0 days 00:00:55.062071,-92.22033650767959,82.35209770612383,-881.5837755796391,-103.54160899340351,-891.2206587364848,285.48655421149255,-376.733565427984,835.0218410803716,1.0,8004955b0b0000000000008c0a636d6165732e5f636d61948c03434d419493942981947d94288c065f6e5f64696d944b088c085f706f7073697a65944b0a8c035f6d75944b058c075f6d755f656666948c156e756d70792e636f72652e6d756c74696172726179948c067363616c61729493948c056e756d7079948c0564747970659493948c02663894898887945294284b038c013c944e4e4e4affffffff4affffffff4b007494624308186d7201a156094094869452948c035f636394680b681143084fd4cd295dfed53f94869452948c035f633194680b68114308690f4660b0d7963f94869452948c045f636d7594680b68114308500003519e709d3f94869452948c085f635f7369676d6194680b68114308918be5568f74d43f94869452948c085f645f7369676d6194680b68114308e462b9d5231df53f94869452948c035f636d944b018c065f6368695f6e94474005efe8ce6af8a58c085f776569676874739468098c0c5f7265636f6e737472756374949394680c8c076e6461727261799493944b0085944301629487945294284b014b0a85946811894350649b20309233dd3fde743acc0454d13f25864b3ffdc3c43f663951a1ddd1b53f5de5adba2f1f9a3f7f060bcb6f0fb6bfdd4a3fc04292cebf15ec817dd4bfd7bf987c949dfe36dfbfca0e0a764bf2e2bf947494628c085f705f7369676d6194682f68314b008594683387945294284b014b088594681189434064bf0101bbb5dcbf818abce97de2cabfc1368552ce55c23fe9e8755c2a0fa4bfb8112ecc4576b43f6631b963aa1ceb3ff434c072a461c13f5926bbeeeedcf13f947494628c035f706394682f68314b008594683387945294284b014b088594681189434070c76b4a618eddbf472fe7565eadcbbfbc82be8f2ae0c23fe15a302c89a6a4bf443741acae10b53f22aafdcd41e9eb3f55c04430cee4c13fb02cff0bbb63f23f947494628c055f6d65616e94682f68314b008594683387945294284b014b08859468118943401581ced1cc54dc3fc98279e84048de3fc78a39abf395e03faf9a8c5df9addf3f1db43c42ac53e03f529c9e3fed76e33fb41c3bcf268ee03fce238d06b990e43f947494628c055f635f316494682f68314b008594683387945294284b014b24859468118942200100002b4f99c1a546ed3f8b20d5490cd08abf8ed9528c9ce5aabffbecea81e1e7a13f4a6876eaa84946bfe4eb733426106ebf9a26f260485a8a3f3e11b75d58b09bbf6a951f3f09adef3fbcc4ddec87b58abf307615ba5cb78fbff46ddb407dca82bfc51414fc2c2393bff6de5fd27638813fe88d16526d33553f13a802d31962ed3fefac680ad4c79f3fde2eb2de166282bfa9e2b981a3959cbf77a96f60d227a53f2159b01cf6ea843f5a761ee82b36ef3f5d0470733,c29773f680be107dcd191bf36b76be3eafb85bfce8b8702a6a4903f009da837e339ef3fc90e256db03e92bfcf312f2bd34284bf0aedbd3f8e6d683f74308296d2c8ef3f5f9b0961270a9f3f0f2c8a53de67a93fa8a8e6b0150aef3f2019f332005e4dbf36c6177b51c7f03f947494628c065f7369676d6194680b68114308d9d9d728c91ec33f94869452948c025f44944e8c025f42944e8c075f626f756e647394682f68314b008594683387945294284b014b084b02869468118943800000000000000000000000000000f03f0000000000000000000000000000f03f0000000000000000000000000000f03f0000000000000000000000000000f03f0000000000000000000000000000f03f0000000000000000000000000000f03f0000000000000000000000000000f03f0000000000000000000000000000f03f947494628c115f6e5f6d61785f726573616d706c696e67944b508c025f67944b018c095f6c725f616461707494898c065f616c70686194473ff66666666666668c0a5f626574615f6d65616e94473fb999999999999a8c0b5f626574615f5369676d6194473f9eb851eb851eb88c065f67616d6d6194473fb999999999999a8c065f456d65616e94682f68314b008594683387945294284b014b084b018694681189434000000000000000000000000000000000000000000000000000000000000000000000000000000000000000000000000000000000000000000000000000000000947494628c075f455369676d6194682f68314b008594683387945294284b014b404b0186946811894200020000000000000000000000000000000000000000000000000000000000000000000000000000000000000000000000000000000000000000000000000000000000000000000000000000000000000000000000000000000000000000000000000000000000000000000000000000000000000000000000000000000000000000000000000000000000000000000000000000000000000000000000000000000000000000000000000000000000000000000000000000000000000000000000000000000000000000000000000000000000000000000000000000000000000000000000000000000000000000000000000000000000000000000000000000000000000000000000000000000000000000000000000000000000000000000000000000000000000000000000000000000000000000000000000000000000000000000000000000000000000000000000000000000000000000000000000000000000000000000000000000000000000000000000000000000000000000000000000000000000000000000000000000000000000000000000000000000000000000000000000000000000000000000000000000,0000000000000000000000000000000000000000000000000000000000000000000000000000000000000000000000000000000000000000000000000000000000000000000000000000000000000000947494628c065f566d65616e944700000000000000008c075f565369676d61944700000000000000008c095f6574615f6d65616e94473ff00000000000008c0a5f6574615f5369676d6194473ff00000000000008c055f746f6c7894680b6811430816383daccc74473d94869452948c075f746f6c787570944740c38800000000008c075f746f6c66756e94473d719799812dea118c105f746f6c636f6e646974696f6e636f76944742d6bcc41e9000008c0d5f66756e686973745f7465726d944b228c0f5f66756e686973745f76616c75657394682f68314b008594683387945294284b014b448594681189422002000010869d352156000000000000000000005cee5a423ed05bc01f5c8fc2f5d845c060b7a024757f000028bad1222456000000000001f9ff0000000000000000000000000000050000001d0000000000000000000000000000000000000000000000d87cd2222456000028bad12224560000d072b324757f000070bbad24757f000070bbad24757f00000058d757245600000000000000000000000000000000000000000000000000000000000073720e000000000000000000970065005a0164005a0264015a03020065046402ac03a6010000ab01000000000000000002004700640484006405a6020000ab020000000000000000a6000000ab0000000000000000005a05090009000900090009000900090009000900643c643d641684055a06643e641984045a07643f641a84045a086440641b84045a09650a6441641d8404a6000000ab0000000000000000005a0b650a6441641e8404a6000000ab0000000000000000005a0c650a6441641f8404a6000000ab0000000000000000005a0d650a644164208404a6000000ab0000000000000000005a0e650a644164218404a6000000ab0000000000000000005a0f6442642284045a106443642484045a116444642684045a126444642784045a136445642984045a146446642b84045a156447642e84045a166448642f84045a176449643184045a18644a643284045a19644b643484045a1a644c643684045a1b644d643984045a1c644e643b84045a1d9474946275622e,,COMPLETE
21,73.4058999999999,2026-07-01 12:05:26.498481,2026-07-01 12:06:18.349160,0 days 00:00:51.850679,-84.16058675674823,87.28229800492706,-870.5349718849068,-39.94767726587844,-940.9081298000918,286.7165306592851,-348.1345727009966,834.7793451277003,1.0,,,,,COMPLETE
22,46.25139999999987,2026-07-01 12:06:18.680191,2026-07-01 12:07:15.669211,0 days 00:00:56.989020,-60.966091843290016,61.8769393925369,-911.6119768760503,-71.05551161797804,-912.7640695399676,279.5626442397697,-344.64373944781573,917.3666521355341,1.0,,,,,COMPLETE
23,87.13239999999996,2026-07-01 12:07:15.906831,2026-07-01 12:08:08.275438,0 days 00:00:52.368607,-91.28989275245823,96.33232806328783,-869.3198604647773,-82.43195244818547,-994.5221333787692,282.7170672051307,-346.78721158212113,860.1591254975524,1.0,,,,,COMPLETE
24,74.42739999999989,2026-07-01 12:08:08.550427,2026-07-01 12:08:58.689314,0 days 00:00:50.138887,-111.32906394336118,57.31756018281523,-945.9560025101309,-58.38861283170618,-902.3526966454805,284.3771685640044,-371.8246358848578,819.0640175688928,1.0,,,,,COMPLETE
25,62.81969999999966,2026-07-01 12:08:58.915686,2026-07-01 12:09:48.333151,0 days 00:00:49.417465,-113.10067408844174,28.960468411025825,-844.578696408398,-57.73582612176243,-907.8404214492432,286.83124747112623,-365.95967095878376,812.6091432594164,1.0,,,,,COMPLETE
26,57.15169999999995,2026-07-01 12:09:48.570704,2026-07-01 12:10:39.605012,0 days 00:00:51.034308,-65.97632398889851,83.10718551914108,-914.7761767884699,-88.84398660180243,-907.2391106810135,280.4954322325715,-353.5114325857445,876.825339037465,1.0,,,,,COMPLETE
27,108.93499999999983,2026-07-01 12:10:39.909378,2026-07-01 12:11:29.378451,0 days 00:00:49.469073,-90.13935623439038,54.115640327370876,-913.2326355632345,-70.72513543804084,-874.2886900332475,288.54836116117394,-332.7588424123471,911.665637744469,1.0,,,,,COMPLETE
28,36.34159999999987,2026-07-01 12:11:29.627042,2026-07-01 12:12:17.574738,0 days 00:00:47.947696,-106.18359356585881,76.50568343443726,-805.9161033568604,-76.17440426947014,-920.5811214356993,282.4304051526901,-331.55702653823346,863.2467631401291,1.0,,,,,COMPLETE
29,68.66439999999997,2026-07-01 12:12:17.819904,2026-07-01 12:13:06.824921,0 days 00:00:49.005017,-89.89288763804393,94.7966661894887,-885.5555049310158,-62.543991842031616,-935.6793439994717,279.19603229012466,-340.3046212042833,772.1912438029001,1.0,,,,,COMPLETE
30,62.954199999999865,2026-07-01 12:13:07.090032,2026-07-01 12:14:01.799662,0 days 00:00:54.709630,-103.90182695949687,69.45755750430821,-905.6140056622263,-62.85929038420625,-950.7577414220601,284.23179406477084,-360.83022635785323,789.1186794099469,2.0,8004957d0b0000000000008c0a636d6165732e5f636d61948c03434d419493942981947d94288c065f6e5f64696d944b088c085f706f7073697a65944b0a8c035f6d75944b058c075f6d755f656666948c156e756d70792e636f72652e6d756c74696172726179948c067363616c61729493948c056e756d7079948c0564747970659493948c02663894898887945294284b038c013c944e4e4e4affffffff4affffffff4b007494624308186d7201a156094094869452948c035f636394680b681143084fd4cd295dfed53f94869452948c035f633194680b68114308690f4660b0d7963f94869452948c045f636d7594680b68114308500003519e709d3f94869452948c085f635f7369676d6194680b68114308918be5568f74d43f94869452948c085f645f7369676d6194680b68114308e462b9d5231df53f94869452948c035f636d944b018c065f6368695f6e94474005efe8ce6af8a58c085f776569676874739468098c0c5f7265636f6e737472756374949394680c8c076e6461727261799493944b0085944301629487945294284b014b0a8594680e8c02663894898887945294284b0368124e4e4e4affffffff4affffffff4b00749462894350649b20309233dd3fde743acc0454d13f25864b3ffdc3c43f663951a1ddd1b53f5de5adba2f1f9a3f7f060bcb6f0fb6bfdd4a3fc04292cebf15ec817dd4bfd7bf987c949dfe36dfbfca0e0a764bf2e2bf947494628c085f705f7369676d6194682f68314b008594683387945294284b014b0885946811894340dc31792cfa44edbf8d9a6a124077c9bf518b110c7140c9bfc03fb55e88abd93f96a88a7bc00debbfed63baf52e7601405b9bf1b52be0e83fd0d3f034ede8f13f947494628c035f706394682f68314b008594683387945294284b014b0885946811894340480045882771ecbf886308985e2ccabf8aaef7aebff0c5bf48271dbc0cf6d73f97a1c7173d04ecbfc175ef553b0002408487d9da23abe93ff60a7f084bedf23f947494628c055f6d65616e94682f68314b008594683387945294284b014b08859468398943405425365a3829d83f85ae83293ad6dd3fa0549cf60b43df3ff23180e05244e13fb40a14c90f09da3f6487093dde6fe93f102aeaab9315e33fe9e0ac4b4c17e63f947494628c065f7369676d6194680b68114308f88f231aae63c33f94869452948c025f44944e8c025f42944e8c075f626f756e647394682f68314b008594683387945294284b014b084b02869468398943800000000000000000000000000000f03f0000000000000000000000000000f03f0000000000000000000000000000f03f0000000000000000000000000000f03f0000000000000000000000000000f03f0000000000000000000000000000f03f0000000000000000000,000000000f03f0000000000000000000000000000f03f947494628c115f6e5f6d61785f726573616d706c696e67944b508c025f67944b028c095f6c725f616461707494898c065f616c70686194473ff66666666666668c0a5f626574615f6d65616e94473fb999999999999a8c0b5f626574615f5369676d6194473f9eb851eb851eb88c065f67616d6d6194473fb999999999999a8c065f456d65616e94682f68314b008594683387945294284b014b084b018694683989434000000000000000000000000000000000000000000000000000000000000000000000000000000000000000000000000000000000000000000000000000000000947494628c075f455369676d6194682f68314b008594683387945294284b014b404b01869468398942000200000000000000000000000000000000000000000000000000000000000000000000000000000000000000000000000000000000000000000000000000000000000000000000000000000000000000000000000000000000000000000000000000000000000000000000000000000000000000000000000000000000000000000000000000000000000000000000000000000000000000000000000000000000000000000000000000000000000000000000000000000000000000000000000000000000000000000000000000000000000000000000000000000000000000000000000000000000000000000000000000000000000000000000000000000000000000000000000000000000000000000000000000000000000000000000000000000000000000000000000000000000000000000000000000000000000000000000000000000000000000000000000000000000000000000000000000000000000000000000000000000000000000000000000000000000000000000000000000000000000000000000000000000000000000000000000000000000000000000000000000000000000000000000000000000000000000000000000000000000000000000000000000000000000000000000000000000000000000000000000000000000000000000000000000000000000000000000000000000000000000000000947494628c065f566d65616e944700000000000000008c075f565369676d61944700000000000000008c095f6574615f6d65616e94473ff00000000000008c0a5f6574615f5369676d6194473ff00000000000008c055f746f6c7894680b6811430816383daccc74473d94869452948c075f746f6c787570944740c38800000000008c075f746f6c66756e94473d719799812dea118c105f746f6c636f6e646974696f6e636f76944742d6bcc41e9000008c0d5f66756e686973745f7465726d944b228c0f5f66756e686973745f76616c75657394682f,68314b008594683387945294284b014b448594683989422002000010869d352156000000000000000000005cee5a423ed05bc01f5c8fc2f5d845c098703d0ad73b5bc012287e8cb92b42c000000001f9ff0000000000000000000000000000050000001d0000000000000000000000000000000000000000000000d87cd2222456000028bad12224560000d072b324757f000070bbad24757f000070bbad24757f00000058d757245600000000000000000000000000000000000000000000000000000000000073720e000000000000000000970065005a0164005a0264015a03020065046402ac03a6010000ab01000000000000000002004700640484006405a6020000ab020000000000000000a6000000ab0000000000000000005a05090009000900090009000900090009000900643c643d641684055a06643e641984045a07643f641a84045a086440641b84045a09650a6441641d8404a6000000ab0000000000000000005a0b650a6441641e8404a6000000ab0000000000000000005a0c650a6441641f8404a6000000ab0000000000000000005a0d650a644164208404a6000000ab0000000000000000005a0e650a644164218404a6000000ab0000000000000000005a0f6442642284045a106443642484045a116444642684045a126444642784045a136445642984045a146446642b84045a156447642e84045a166448642f84045a176449643184045a18644a643284045a19644b643484045a1a644c643684045a1b644d643984045a1c644e643b84045a1d947494628c055f635f316494682f68314b008594683387945294284b014b2485946811894220010000955f18e92d46ec3feec80b39b73988bfc4862e2bae399a3f344451d10278a03f69291ba76cd4a13fd9f1a1eb04d793bf670a6fc4a30673bf9100c2fe96d3b8bff601ce24b8b0ef3f77d19ed03467843f00535da5fe602bbf7ea9d7bad3cca5bf6a25cdf71b94a7bf31015697985a783f84e88ae5cf158cbfae35cc053349ea3fea1d271c29e4903f1c7df026242199bf9a502508d73eb6bf2ed4f4bde0e7883f49631cca6d33a03fc7b715f6a8c7ee3f406ec1163f2235bfd3bd25a5d2f0913f8a2047a7294695bfa2f96842e887933f46e21c810c2df13f3bd5470b54b0b0bfa0586cf67eea75bfb3cf97570d3d963f3180ae087e25f23f221636bf620cc03faafa81e99516c83f354d66bf1f0aef3f000d341def36943f01cb0ad762ddf03f9474946275622e,,COMPLETE
31,75.69269999999995,2026-07-01 12:14:02.058591,2026-07-01 12:14:50.886050,0 days 00:00:48.827459,-101.66619193677852,90.0287452348748,-910.6915649656195,-66.28626486182374,-909.0497834529442,282.6501133813507,-337.48119887587546,827.7762167864198,2.0,,,,,COMPLETE
32,52.933799999999934,2026-07-01 12:14:51.100400,2026-07-01 12:15:42.638003,0 days 00:00:51.537603,-80.18863701725859,78.13051744457205,-942.5668427983749,-67.3443980333779,-888.490022777601,283.5548291025972,-354.9302466780489,879.3529570475514,2.0,,,,,COMPLETE
33,82.2859999999998,2026-07-01 12:15:42.888169,2026-07-01 12:16:33.286876,0 days 00:00:50.398707,-102.89878611458903,61.90133542211653,-902.7636546830655,-65.5925959831835,-948.3037095891741,284.236199616345,-338.53614795644137,856.6815392719714,2.0,,,,,COMPLETE
34,80.32989999999997,2026-07-01 12:16:33.580044,2026-07-01 12:17:24.026778,0 days 00:00:50.446734,-79.82575564401904,74.31493253539409,-965.0571911710526,-51.155299095251124,-911.2395064084488,285.96823637552706,-335.53008048529506,913.1649671239976,2.0,,,,,COMPLETE
35,96.67129999999983,2026-07-01 12:17:24.263313,2026-07-01 12:18:14.498403,0 days 00:00:50.235090,-73.20492007381864,41.78421895164136,-905.259006879252,-60.7712862724985,-912.2406371574114,288.6685796610612,-355.82987949572924,875.1155280883629,2.0,,,,,COMPLETE
36,75.4752,2026-07-01 12:18:14.740689,2026-07-01 12:19:04.735769,0 days 00:00:49.995080,-97.52946183539146,83.83946211622,-912.9859565835313,-80.05693492385058,-890.8480029642991,284.80872678579664,-377.7487853071831,852.9715789690697,2.0,,,,,COMPLETE
37,77.91519999999981,2026-07-01 12:19:04.988769,2026-07-01 12:19:56.327649,0 days 00:00:51.338880,-86.77029582529532,65.75309725383066,-893.6140287852354,-88.46515511337304,-916.7240095871847,281.2797311548459,-338.00855482112365,789.3901996536255,2.0,,,,,COMPLETE
38,80.00299999999986,2026-07-01 12:19:56.564462,2026-07-01 12:20:45.986730,0 days 00:00:49.422268,-79.5001002180245,61.76622569651999,-924.9383992513823,-62.59244023782139,-868.9939049429037,281.2637152395688,-352.52956861603843,853.156580419881,2.0,,,,,COMPLETE
39,45.47879999999997,2026-07-01 12:20:46.265977,2026-07-01 12:21:34.943633,0 days 00:00:48.677656,-124.40810853662822,78.81361373019419,-890.0999255710212,-66.14945136775913,-983.7249014666686,289.2974845762206,-387.3363341542633,888.977012814992,2.0,,,,,COMPLETE
40,109.7709999999998,2026-07-01 12:21:35.199913,2026-07-01 12:22:24.805364,0 days 00:00:49.605451,-67.84701136696509,48.938781237655185,-894.40498967852,-24.089015386906652,-924.8351323890346,287.8452671187814,-359.1165739429041,819.0433515685287,3.0,8004957d0b0000000000008c0a636d6165732e5f636d61948c03434d419493942981947d94288c065f6e5f64696d944b088c085f706f7073697a65944b0a8c035f6d75944b058c075f6d755f656666948c156e756d70792e636f72652e6d756c74696172726179948c067363616c61729493948c056e756d7079948c0564747970659493948c02663894898887945294284b038c013c944e4e4e4affffffff4affffffff4b007494624308186d7201a156094094869452948c035f636394680b681143084fd4cd295dfed53f94869452948c035f633194680b68114308690f4660b0d7963f94869452948c045f636d7594680b68114308500003519e709d3f94869452948c085f635f7369676d6194680b68114308918be5568f74d43f94869452948c085f645f7369676d6194680b68114308e462b9d5231df53f94869452948c035f636d944b018c065f6368695f6e94474005efe8ce6af8a58c085f776569676874739468098c0c5f7265636f6e737472756374949394680c8c076e6461727261799493944b0085944301629487945294284b014b0a8594680e8c02663894898887945294284b0368124e4e4e4affffffff4affffffff4b00749462894350649b20309233dd3fde743acc0454d13f25864b3ffdc3c43f663951a1ddd1b53f5de5adba2f1f9a3f7f060bcb6f0fb6bfdd4a3fc04292cebf15ec817dd4bfd7bf987c949dfe36dfbfca0e0a764bf2e2bf947494628c085f705f7369676d6194682f68314b008594683387945294284b014b088594681189434000091a25f80565bfdad4180c8aeeefbfda5695b32fc2e8bfb88605643fdde63ffe481f3cfe03e3bf535ad371ae3bf93f300c4d290689d43f59e200e61cd7e83f947494628c035f706394682f68314b008594683387945294284b014b08859468118943404079cc32ac19923f6ee2a2de466ef0bf1632fd698d8be6bff3f45dd35664e63f6b425feaa4dde1bf70d03fbdd4d8f93f3d473c4816aad33fe0f8bffb9273e83f947494628c055f6d65616e94682f68314b008594683387945294284b014b0885946839894340821fc1ec3180dc3fc7ef71d02364d73f22518f72bdfcda3f4684ff97ece7e23f3c709f7c4327da3f8ac37987f0efe93faaa28748f74ae23fdfcc73e5eb0be63f947494628c065f7369676d6194680b681143088ca1f17532c6c23f94869452948c025f44944e8c025f42944e8c075f626f756e647394682f68314b008594683387945294284b014b084b02869468398943800000000000000000000000000000f03f0000000000000000000000000000f03f0000000000000000000000000000f03f0000000000000000000000000000f03f0000000000000000000000000000f03f0000000000000000000000000000f03f0000000000000000000,000000000f03f0000000000000000000000000000f03f947494628c115f6e5f6d61785f726573616d706c696e67944b508c025f67944b038c095f6c725f616461707494898c065f616c70686194473ff66666666666668c0a5f626574615f6d65616e94473fb999999999999a8c0b5f626574615f5369676d6194473f9eb851eb851eb88c065f67616d6d6194473fb999999999999a8c065f456d65616e94682f68314b008594683387945294284b014b084b018694683989434000000000000000000000000000000000000000000000000000000000000000000000000000000000000000000000000000000000000000000000000000000000947494628c075f455369676d6194682f68314b008594683387945294284b014b404b01869468398942000200000000000000000000000000000000000000000000000000000000000000000000000000000000000000000000000000000000000000000000000000000000000000000000000000000000000000000000000000000000000000000000000000000000000000000000000000000000000000000000000000000000000000000000000000000000000000000000000000000000000000000000000000000000000000000000000000000000000000000000000000000000000000000000000000000000000000000000000000000000000000000000000000000000000000000000000000000000000000000000000000000000000000000000000000000000000000000000000000000000000000000000000000000000000000000000000000000000000000000000000000000000000000000000000000000000000000000000000000000000000000000000000000000000000000000000000000000000000000000000000000000000000000000000000000000000000000000000000000000000000000000000000000000000000000000000000000000000000000000000000000000000000000000000000000000000000000000000000000000000000000000000000000000000000000000000000000000000000000000000000000000000000000000000000000000000000000000000000000000000000000000000947494628c065f566d65616e944700000000000000008c075f565369676d61944700000000000000008c095f6574615f6d65616e94473ff00000000000008c0a5f6574615f5369676d6194473ff00000000000008c055f746f6c7894680b6811430816383daccc74473d94869452948c075f746f6c787570944740c38800000000008c075f746f6c66756e94473d719799812dea118c105f746f6c636f6e646974696f6e636f76944742d6bcc41e9000008c0d5f66756e686973745f7465726d944b228c0f5f66756e686973745f76616c75657394682f,68314b008594683387945294284b014b448594683989422002000010869d352156000000000000000000005cee5a423ed05bc01f5c8fc2f5d845c098703d0ad73b5bc012287e8cb92b42c076734694f62a58c08fa9825149bd46c000000000050000001d0000000000000000000000000000000000000000000000d87cd2222456000028bad12224560000d072b324757f000070bbad24757f000070bbad24757f00000058d757245600000000000000000000000000000000000000000000000000000000000073720e000000000000000000970065005a0164005a0264015a03020065046402ac03a6010000ab01000000000000000002004700640484006405a6020000ab020000000000000000a6000000ab0000000000000000005a05090009000900090009000900090009000900643c643d641684055a06643e641984045a07643f641a84045a086440641b84045a09650a6441641d8404a6000000ab0000000000000000005a0b650a6441641e8404a6000000ab0000000000000000005a0c650a6441641f8404a6000000ab0000000000000000005a0d650a644164208404a6000000ab0000000000000000005a0e650a644164218404a6000000ab0000000000000000005a0f6442642284045a106443642484045a116444642684045a126444642784045a136445642984045a146446642b84045a156447642e84045a166448642f84045a176449643184045a18644a643284045a19644b643484045a1a644c643684045a1b644d643984045a1c644e643b84045a1d947494628c055f635f316494682f68314b008594683387945294284b014b2485946811894220010000087fb085dfd1eb3f16105963bea097bf16a7f719b217a43f479c01e39988a43f801502cdb0e544bf1876bcdc513b843f8e19bfc2b24ea6bf5bb8c7931908bbbfabbd2872885ef03f31ca8efceb79a43f940360be817595bf9ebbce87ad6ba4bf6a146b2977b4b5bfb04a83be8518a13f2d08feee38d398bf609cdc17d9dce93ff4be06b5f43863bf53becb357e07953f51ac50629861c2bf903f7cdd2ad68cbfc65d76e52b9f7e3f4d84dd57bd32ef3f90bba5b5a7f7493f737bf9319153a83f1b87661f05b793bff8a0a6d4afd9a43fedbadc507721f03fb9b2c8ac33dda7bfe0032ccfe1a0a7bf3060e21bb56168bf3e3e7debfad0f23f6edc357e7edcc03f460e3db64e62c93f51661c028b9aeb3f6429698c0f8f773f6e6c549d7e1bf03f9474946275622e,,COMPLETE
41,78.24309999999993,2026-07-01 12:22:25.054843,2026-07-01 12:23:14.510700,0 days 00:00:49.455857,-94.30300097390986,59.38684748157215,-953.1094167434813,-53.035546160260566,-907.355184865434,285.31386451063196,-339.80823641815147,840.8005566300583,3.0,,,,,COMPLETE
42,88.0680999999998,2026-07-01 12:23:14.780344,2026-07-01 12:24:05.910474,0 days 00:00:51.130130,-63.65445202458078,25.391619952901422,-907.4499637289665,-59.35330846469438,-936.3735599919312,289.89862688615693,-373.3060715100262,854.4100773017722,3.0,,,,,COMPLETE
43,112.57149999999979,2026-07-01 12:24:06.190949,2026-07-01 12:24:58.420282,0 days 00:00:52.229333,-77.02474495901139,42.433564781409,-886.9653532509791,-52.345358654392115,-945.8222868755608,285.92591721806303,-341.6227190023319,864.6248635914728,3.0,,,,,COMPLETE
44,83.24459999999989,2026-07-01 12:24:58.692859,2026-07-01 12:25:50.338741,0 days 00:00:51.645882,-101.13141861788222,63.02692636406606,-919.8625894993926,-29.16537594102776,-933.047493758504,284.15518267596497,-357.9756587446905,872.9622214900039,3.0,,,,,COMPLETE
45,84.12559999999985,2026-07-01 12:25:50.621687,2026-07-01 12:26:39.098643,0 days 00:00:48.476956,-87.86583670846824,71.95476900627999,-887.5853639754398,-65.68218037170534,-881.9418469332072,284.25836178157874,-349.0350040462138,816.2905394990355,3.0,,,,,COMPLETE
46,45.18589999999991,2026-07-01 12:26:39.367548,2026-07-01 12:27:27.686903,0 days 00:00:48.319355,-123.68409577369772,67.94058834565904,-911.3579544634669,-62.69294101896675,-916.6091975790255,284.60496867559095,-315.9492189861918,934.8601614644135,3.0,,,,,COMPLETE
47,73.72269999999992,2026-07-01 12:27:27.935924,2026-07-01 12:28:17.160804,0 days 00:00:49.224880,-119.9046495050304,96.1374658139939,-951.711674765901,-45.634276320536785,-887.6341538593648,283.53853756018464,-366.21398808656664,817.3212544256176,3.0,,,,,COMPLETE
48,92.67379999999996,2026-07-01 12:28:17.416807,2026-07-01 12:29:06.533831,0 days 00:00:49.117024,-113.1709492326596,83.94314833297148,-974.527040169432,-73.63724926317745,-909.9041103363859,284.68879864706315,-375.8671358889014,839.3779331103481,3.0,,,,,COMPLETE
49,81.15329999999985,2026-07-01 12:29:06.777763,2026-07-01 12:29:55.943284,0 days 00:00:49.165521,-70.03881420430287,59.67370294727397,-899.9890041250079,-67.32257415360995,-944.9449781009668,280.88206093351425,-374.97712047352337,847.6618601129062,3.0,,,,,COMPLETE
